name,danceability,energy,key,loudness,mode,speechiness,acousticness,instrumentalness,liveness,valence,tempo,uri
Run (feat. Ed Sheeran) (Taylor’s Version) (From The Vault),0.61,0.488,3,-6.917999999999999,1,0.0293,0.8170000000000001,0.0,0.312,0.44299999999999995,125.039,spotify:track:4IQkfUsrwXol38VV3U7t7T
Beautiful Liar,0.764,0.7509999999999999,8,-3.74,1,0.0703,0.00554,0.00023700000000000001,0.16399999999999998,0.418,91.977,spotify:track:2HWWNoWEEEECwZhAiLg7ib
World We Used To Know,0.48,0.6920000000000001,11,-5.324,0,0.0582,0.17600000000000002,0.00011,0.221,0.465,85.34299999999999,spotify:track:5I9Qa1LfGcQGCIC32lh9Ka
Sorry,0.542,0.561,5,-7.029,0,0.0485,0.43700000000000006,0.0704,0.135,0.183,175.998,spotify:track:6k1Q8mNcA2jFH0uv5B6g9G
Paradise,0.777,0.5820000000000001,0,-6.187,0,0.0354,0.151,0.0,0.109,0.6809999999999999,148.921,spotify:track:0QrLeOy3DCNBNQoEwZB1T3
The Closer I Get to You (feat. Beyoncé Knowles),0.63,0.3,0,-9.613999999999999,0,0.0521,0.639,0.0,0.17,0.278,116.15299999999999,spotify:track:4BOBfPQGlHSFnnjoXOXj0O
Signs (feat. Missy Elliott),0.373,0.4,7,-9.81,1,0.249,0.151,8.400000000000001e-06,0.11199999999999999,0.39799999999999996,74.283,spotify:track:77k22jXCMp5dB5UvuV8XXN
Halo,0.42200000000000004,0.7120000000000001,11,-5.907,0,0.1,0.273,0.0,0.051,0.47100000000000003,78.454,spotify:track:2CvOqDpQIMw69cCzWqr5yr
august,0.532,0.623,5,-9.208,1,0.0331,0.5379999999999999,7.28e-05,0.0925,0.40299999999999997,89.93700000000001,spotify:track:3hUxzQpSfdDqwM3ZTFQY0K
Can I Get It,0.703,0.68,9,-6.117999999999999,0,0.0431,0.0171,0.0,0.17800000000000002,0.536,97.985,spotify:track:6w8ZPYdnGajyfPddTWdthN
My Little Love,0.33899999999999997,0.49200000000000005,1,-10.661,1,0.0559,0.8290000000000001,0.0037700000000000003,0.147,0.102,151.865,spotify:track:2DuPBbS5mIldXnh7Wum8Cy
Easy On Me,0.604,0.366,5,-7.519,1,0.0282,0.578,0.0,0.133,0.13,141.981,spotify:track:46IZ0fSY2mpAiktS3KOqds
State Of Grace (Acoustic Version) (Taylor's Version),0.445,0.131,7,-13.777999999999999,1,0.0564,0.6629999999999999,1.57e-06,0.10800000000000001,0.10099999999999999,208.918,spotify:track:5jAIouBES8LWMiriuNq170
The Moment I Knew (Taylor's Version),0.636,0.402,7,-7.855,1,0.031,0.0494,0.0,0.107,0.20800000000000002,125.95200000000001,spotify:track:0NRHj8hDwwmSPaA41o379r
Everything Has Changed (feat. Ed Sheeran) (Taylor’s Version),0.498,0.61,6,-5.098,1,0.0363,0.271,0.0,0.223,0.474,79.918,spotify:track:7qEUFOVcxRI19tbT68JcYK
Sad Beautiful Tragic (Taylor's Version),0.601,0.406,7,-11.827,1,0.0275,0.622,9.19e-05,0.133,0.23199999999999998,130.059,spotify:track:73qMN9bXy7MSPwwGfH3wQr
Holy Ground (Taylor's Version),0.622,0.809,9,-5.622999999999999,1,0.0638,0.0288,0.00218,0.109,0.511,156.894,spotify:track:7J4b3LVCIGO4CMBDFLPoP6
The Last Time (feat. Gary Lightbody of Snow Patrol) (Taylor’s Version),0.502,0.534,2,-5.954,1,0.0278,0.0399,0.0,0.0977,0.155,94.05,spotify:track:0y6kdSRCVQhSsHSpWvTUm7
Stay Stay Stay (Taylor's Version),0.693,0.6809999999999999,0,-7.039,1,0.025,0.0848,0.0,0.0768,0.6629999999999999,100.02,spotify:track:7eQj6r5PIdYKEIZjucBMcq
Treacherous (Taylor's Version),0.645,0.593,2,-6.506,1,0.0288,0.0344,0.000127,0.13,0.299,109.984,spotify:track:3S7HNKPakdwNEBFIVTL6dZ
Better Man (Taylor's Version) (From The Vault),0.473,0.579,4,-5.824,1,0.0384,0.214,0.0,0.0877,0.255,73.942,spotify:track:4OmFmE0fzcMG6g0Y8p4eSD
The Very First Night (Taylor's Version) (From The Vault),0.6779999999999999,0.733,7,-5.025,1,0.0281,0.00115,0.0,0.10400000000000001,0.581,121.009,spotify:track:6pYNq0ZwpPVazKzsqpf0G8
Message In A Bottle (Taylor's Version) (From The Vault),0.622,0.7909999999999999,7,-6.106,1,0.0535,0.0018800000000000002,3.72e-06,0.083,0.494,115.915,spotify:track:3z6XUommYDWPHeFhmhhT6j
Nothing New (feat. Phoebe Bridgers) (Taylor’s Version) (From The Vault),0.606,0.377,0,-9.455,1,0.0275,0.8170000000000001,0.0,0.154,0.446,101.96,spotify:track:01K4zKU104LyJ8gMb7227B
State Of Grace (Taylor's Version),0.594,0.713,9,-5.314,1,0.0503,0.000328,0.0,0.114,0.32799999999999996,129.958,spotify:track:6lzc0Al0zfZOIFsFvBS1ki
Come Back...Be Here (Taylor's Version),0.46,0.632,4,-6.031000000000001,1,0.0302,0.0158,0.0,0.0822,0.39899999999999997,79.846,spotify:track:4pNApnaUWAL2J4KO2eqokq
We Are Never Ever Getting Back Together (Taylor's Version),0.5670000000000001,0.6859999999999999,7,-6.138999999999999,1,0.175,0.0317,1.86e-06,0.0732,0.716,172.014,spotify:track:5YqltLsjdqFtvqE7Nrysvs
I Almost Do (Taylor's Version),0.511,0.5589999999999999,4,-6.587000000000001,1,0.0264,0.0167,0.0,0.113,0.248,145.88,spotify:track:2r9CbjYgFhtAmcFv1cSquB
All Too Well (Taylor's Version),0.44,0.528,0,-7.809,1,0.0317,0.0171,0.00203,0.23399999999999999,0.132,185.972,spotify:track:3nsfB1vus2qaloUdcBZvDu
I Knew You Were Trouble (Taylor's Version),0.584,0.557,6,-6.371,1,0.0342,0.0129,0.0,0.0576,0.767,154.00799999999998,spotify:track:6AtZLIzUINvExIUy4QhdjP
Red (Taylor's Version),0.516,0.777,1,-4.908,0,0.0375,0.00108,1.62e-06,0.0761,0.408,125.04700000000001,spotify:track:4OAuvHryIVv4kMDNSLuPt6
All Too Well (10 Minute Version) (Taylor's Version) (From The Vault),0.631,0.518,0,-8.771,1,0.0303,0.27399999999999997,0.0,0.08800000000000001,0.205,93.023,spotify:track:5enxwA8aAbwZbf5qCHORXi
Falling,0.5670000000000001,0.267,4,-6.502000000000001,1,0.0299,0.8390000000000001,1.46e-06,0.08900000000000001,0.0592,110.01100000000001,spotify:track:1ZMiCix7XSAbfAJlEZWMCp
Lights Up,0.575,0.621,10,-8.165,0,0.032,0.0392,0.0045,0.141,0.27,101.98700000000001,spotify:track:4jAIqgrPjKLTY9Gbez25Qb
Sweet Creature,0.42700000000000005,0.262,7,-8.541,1,0.0276,0.746,0.0,0.068,0.228,104.085,spotify:track:5kRPPEWFJIMox5qIkQkiz5
Two Ghosts,0.386,0.40700000000000003,6,-7.095,0,0.0268,0.23399999999999999,1.86e-06,0.0999,0.456,69.387,spotify:track:4B1rpPmQXwj78wk6aIGwwU
Sign of the Times,0.516,0.595,5,-4.63,1,0.0313,0.0275,0.0,0.109,0.222,119.97200000000001,spotify:track:5Ohxk2dO5COHF1krpoPigN
Chromatica III,0.493,0.373,5,-12.475,1,0.0524,0.9520000000000001,0.981,0.396,0.565,121.454,spotify:track:6kXRZSe28BawCiEdME8YLk
911,0.789,0.813,5,-4.563,1,0.0374,0.0294,2.07e-06,0.519,0.42,116.007,spotify:track:6qI0MU175Dk2DeoUjlrOpy
Chromatica II,0.184,0.297,2,-14.534,1,0.0359,0.473,0.893,0.527,0.113,75.824,spotify:track:0oQc0F6KUE7QY7k5TU6bic
Chromatica I,0.231,0.457,6,-10.773,0,0.0318,0.0126,0.875,0.327,0.0588,65.827,spotify:track:3CGZ7wfk4skmuyQgua1C1K
Free Woman,0.731,0.927,0,-3.634,1,0.0781,0.0228,7.15e-05,0.187,0.478,119.006,spotify:track:4L6ihclQPu1hqP9r3WNJjQ
Before I Cry,0.48,0.56,2,-5.196000000000001,1,0.0373,0.157,0.0,0.168,0.16699999999999998,146.41,spotify:track:1JcjOWpaQr2crUaJj2kRYQ
Is That Alright?,0.557,0.27899999999999997,6,-7.757000000000001,1,0.0372,0.868,1.25e-05,0.0978,0.263,102.727,spotify:track:378u8gf9qpJ4ZhxHEvrodl
I Don't Know What Love Is,0.42100000000000004,0.535,0,-6.556,1,0.0288,0.348,0.000194,0.19399999999999998,0.221,62.67100000000001,spotify:track:3PPeqAc0fCfFdh8cUYShn6
Heal Me,0.606,0.544,9,-8.36,0,0.0593,0.0481,0.0,0.0916,0.456,86.01299999999999,spotify:track:5eRo6g2COIM4OE3UEHMA4g
Look What I Found,0.8490000000000001,0.493,1,-4.1,0,0.0417,0.456,0.000463,0.133,0.447,97.012,spotify:track:6Id5RM56PFn2hB4I0ox0WA
Music To My Eyes,0.625,0.35600000000000004,2,-9.044,1,0.0319,0.392,0.0012900000000000001,0.1,0.325,114.805,spotify:track:5IXk9TVBuxG87sFrwclBJw
Alice,0.723,0.88,11,-4.287,0,0.038,0.0033399999999999997,0.0179,0.0632,0.32299999999999995,123.036,spotify:track:41A89rj3GoMG6ktN37L7PG
The Queen,0.368,0.833,6,-5.869,0,0.0464,0.000154,0.006509999999999999,0.0545,0.48200000000000004,143.982,spotify:track:0sUT8GAOF12VKvqJIMtUGP
Hair,0.57,0.9229999999999999,5,-3.4330000000000003,1,0.063,0.00116,9.01e-06,0.141,0.40299999999999997,135.006,spotify:track:4u8q2Gddnu8jqCFzxm5IZs
Born This Way,0.5870000000000001,0.828,11,-5.1080000000000005,1,0.161,0.0032700000000000003,0.0,0.331,0.494,123.90700000000001,spotify:track:30XU4suKzCeoCK9YFzdufg
Marry The Night,0.612,0.877,0,-4.43,1,0.064,0.000992,0.00563,0.462,0.38,131.06799999999998,spotify:track:02d1E4NRuh7OEQO4vCb9PD
The Fame,0.816,0.6940000000000001,5,-3.325,1,0.0504,0.0296,1.4800000000000002e-05,0.035,0.966,127.021,spotify:track:3HhAZV8ngUOOt4eUHovhud
Poker Face,0.851,0.8059999999999999,4,-4.62,1,0.0787,0.11800000000000001,1.64e-06,0.121,0.787,118.999,spotify:track:1QV6tiMFM6fSOKOGLMHYYg
Sweetest Devotion,0.41600000000000004,0.752,0,-5.471,1,0.0396,0.251,0.0,0.125,0.266,155.89,spotify:track:2Eb7QQ5soJQBEYTfSb5BS6
All I Ask,0.591,0.28,4,-5.494,1,0.0283,0.889,0.0,0.124,0.348,141.916,spotify:track:6DEMMeWXfmFAXgDUMMzeg6
Water Under the Bridge,0.59,0.833,5,-6.502999999999999,0,0.0615,0.0142,5.400000000000001e-06,0.105,0.5379999999999999,94.963,spotify:track:2DRMuw0U0QbkVQxWxdJV3M
Remedy,0.405,0.3,2,-6.475,1,0.0378,0.894,0.0,0.154,0.24,162.355,spotify:track:1zZh6zTXcDgvN0C6S1G4gU
When We Were Young,0.376,0.595,3,-5.936,1,0.0496,0.303,0.0,0.095,0.265,144.361,spotify:track:6O5TrlFWTYvznd9fMC0VvU
Love In The Dark,0.331,0.341,9,-6.057,0,0.0309,0.528,0.0,0.109,0.152,109.821,spotify:track:0DuWDLjriRPjDRoPgaCslY
Lovesong,0.6890000000000001,0.369,0,-9.407,0,0.0278,0.693,0.00236,0.111,0.361,116.885,spotify:track:2PPN1HFpVotjq7oJIqQbnx
One And Only,0.528,0.46799999999999997,5,-5.306,1,0.0287,0.295,0.0,0.165,0.185,154.974,spotify:track:5W63Zcirj6bvnTxhVIKTSK
I'll Be Waiting,0.547,0.848,2,-2.6839999999999997,1,0.0367,0.049,0.0,0.114,0.7490000000000001,160.063,spotify:track:42Uw9frN5ZVX40mRU3hHFL
Set Fire to the Rain,0.603,0.67,2,-3.8819999999999997,0,0.0249,0.004079999999999999,1.68e-06,0.11199999999999999,0.446,107.993,spotify:track:3di5hcvxxciiqwMH1jarhY
Don't You Remember,0.644,0.4,3,-5.712999999999999,1,0.0304,0.214,0.0,0.0866,0.22699999999999998,115.025,spotify:track:1CRtJS94Hq3PbBZT9LuF90
Turning Tables,0.353,0.446,0,-6.044,0,0.0285,0.95,1.3500000000000001e-05,0.132,0.21100000000000002,155.476,spotify:track:2eF2x1BkgilhaZ2AipRY8j
Tired,0.8009999999999999,0.6629999999999999,11,-6.29,1,0.0485,0.18100000000000002,0.000535,0.0945,0.552,96.991,spotify:track:44LTAQLZPPSgNbmMh5Qacd
Make You Feel My Love,0.317,0.172,10,-10.636,1,0.0326,0.907,0.000383,0.105,0.0963,65.18,spotify:track:5PuJtgZFBzZ98GIWDpS2sF
Melt My Heart To Stone,0.353,0.38799999999999996,11,-7.091,0,0.0366,0.34600000000000003,0.0,0.215,0.19,80.67,spotify:track:1Ty11iX5DIhZRRD9zCHP3l
Crazy For You,0.7070000000000001,0.139,7,-12.3,1,0.0507,0.91,0.0,0.105,0.32299999999999995,85.868,spotify:track:2Mu0WHDu931jSNOC6GDIp5
Cold Shoulder,0.65,0.82,0,-5.343999999999999,1,0.047,0.00217,0.0,0.133,0.35,109.955,spotify:track:78foNmu2hGDPwm3cJVlikF
Chasing Pavements,0.616,0.47,5,-6.0920000000000005,0,0.0253,0.29100000000000004,0.0,0.111,0.325,80.03,spotify:track:4YoGMmUJJ9dZpQ2CLOmPl2
Daydreamer,0.807,0.105,9,-13.187999999999999,1,0.0412,0.9640000000000001,0.0,0.10300000000000001,0.37200000000000005,109.014,spotify:track:0SA1xt4HUX5ny8xfgHOqQI
Be Right Now,0.501,0.684,11,-6.706,1,0.0566,0.00494,0.000478,0.0524,0.442,131.952,spotify:track:3BiiSLo0wyHAY7lpCEO6ge
Visiting Hours,0.47100000000000003,0.396,8,-6.654,1,0.0336,0.77,0.0,0.0729,0.263,149.609,spotify:track:0rt63HYAAIzUZo5O2D0uA6
Love In Slow Motion,0.485,0.54,1,-5.4,1,0.0253,0.6679999999999999,0.0,0.0849,0.426,62.631,spotify:track:1i4F583d9v9RabcfOlKKVL
Stop The Rain,0.6859999999999999,0.765,8,-4.7780000000000005,1,0.11800000000000001,0.0122,0.0,0.127,0.743,99.99799999999999,spotify:track:0VuDtcT7H4CAljLZEH021x
Shivers,0.7879999999999999,0.8590000000000001,2,-2.7239999999999998,1,0.0856,0.281,0.0,0.0424,0.8220000000000001,141.02,spotify:track:50nfwKoDiSYg8zOCREWAm5
Leave Your Life,0.578,0.5579999999999999,2,-5.438,1,0.0872,0.23600000000000002,0.0,0.14300000000000002,0.54,75.087,spotify:track:0YbI9lWxUBsCJLb6EBydkr
The Joker And The Queen,0.5670000000000001,0.21100000000000002,0,-9.975,1,0.0315,0.9520000000000001,5.24e-05,0.275,0.289,134.019,spotify:track:3NuLxTXowTRcguTh9RsPmM
Overpass Graffiti,0.52,0.8490000000000001,9,-3.7939999999999996,0,0.18600000000000003,0.00253,0.0,0.11900000000000001,0.774,175.908,spotify:track:4btFHqumCO31GksfuBLLv3
Bad Habits,0.807,0.893,11,-3.745,0,0.0347,0.0451,2.7899999999999997e-05,0.366,0.537,126.01100000000001,spotify:track:3rmo8F54jFF8OgYsqTxm5d
"Al'Naito (The Flame) - from ""The Wheel Of Time"" soundtrack",0.397,0.677,5,-8.781,0,0.0493,0.00412,3.570000000000001e-05,0.106,0.12,124.941,spotify:track:3Uw1juuq3Ch2hdghOcfl6M
Scars To Your Beautiful,0.319,0.7390000000000001,0,-5.74,1,0.272,0.0285,0.0,0.111,0.449,194.169,spotify:track:42ydLwx4i5V49RXHOozJZq
Bohemian Rhapsody,0.39,0.397,0,-9.963,0,0.0513,0.287,0.0,0.207,0.24600000000000002,144.031,spotify:track:3z8h0TU7ReDPLIbEnYhWZb
Rewrite The Stars,0.684,0.619,10,-7.005,1,0.0386,0.0716,0.0,0.122,0.284,125.046,spotify:track:630sXRhIcfwr2e4RdNtjKN
Untouchable (Taylor’s Version),0.39299999999999996,0.531,5,-6.112,1,0.0329,0.0181,0.0,0.16899999999999998,0.22399999999999998,200.391,spotify:track:0tQ9vBYpldCuikPsbgOVKA
I'll Never Love Again - Extended Version,0.406,0.359,7,-6.145,1,0.0293,0.685,3.67e-06,0.122,0.20199999999999999,109.24600000000001,spotify:track:2fbJ5Msx8KoDKpyufH5YsU
Bad Romance,0.696,0.9209999999999999,0,-3.755,1,0.0363,0.00314,5.24e-05,0.0842,0.7140000000000001,119.001,spotify:track:0SiywuOBRcynK0uKGWdCnn
Stronger,0.7070000000000001,0.9229999999999999,11,-3.957,1,0.0521,0.128,0.000437,0.273,0.8420000000000001,108.04899999999999,spotify:track:5QhBKPqsnX1uY9fZNaAtZg
A Thousand Years,0.42100000000000004,0.40700000000000003,10,-7.445,1,0.0267,0.309,0.0009609999999999999,0.11,0.161,139.028,spotify:track:6lanRgr6wXibZr8KgzXxBl
Shameless,0.377,0.6509999999999999,4,-5.437,0,0.0589,0.0197,5.31e-05,0.174,0.0851,129.607,spotify:track:2ogKhhoMClkFXek7ZgxAhN
evermore (feat. Bon Iver),0.39,0.27,1,-10.673,1,0.0308,0.937,0.00227,0.111,0.32,125.177,spotify:track:3O5osWf1rSoKMwe6E9ZaXP
Shake It Off,0.647,0.8,7,-5.3839999999999995,1,0.165,0.0647,0.0,0.33399999999999996,0.9420000000000001,160.078,spotify:track:0cqRj7pUJDkTCEsJkx8snD
Rolling in the Deep,0.73,0.769,8,-5.114,1,0.0298,0.138,0.0,0.0473,0.507,104.948,spotify:track:4OSBTYWVwsQhGLF9NHvIbR
Someone Like You,0.556,0.319,9,-8.251,1,0.0281,0.893,0.0,0.0996,0.294,135.187,spotify:track:3bNv3VuUOKgrf5hu3YcuRo
Hello,0.578,0.43,5,-6.1339999999999995,0,0.0305,0.33,0.0,0.0854,0.28800000000000003,78.991,spotify:track:1Yk0cQdMLx5RzzFTYwmuld
Toxic,0.774,0.838,5,-3.9139999999999997,0,0.114,0.0249,0.025,0.242,0.924,143.04,spotify:track:6I9VzXrHxO9rA9A5euc8Ak
Oops!...I Did It Again,0.7509999999999999,0.8340000000000001,1,-5.444,0,0.0437,0.3,1.77e-05,0.355,0.894,95.053,spotify:track:6naxalmIoLFWR0siv8dnQQ
Let Me Love You,0.649,0.716,8,-5.371,1,0.0349,0.0863,2.6300000000000002e-05,0.135,0.163,99.988,spotify:track:0lYBSQXN6rCTvUZvg9S0lU
Love Yourself,0.609,0.37799999999999995,4,-9.828,1,0.43799999999999994,0.835,0.0,0.28,0.515,100.41799999999999,spotify:track:50kpGaPAhYJ3sGmk6vplg0
Stuck with U (with Justin Bieber),0.597,0.45,8,-6.6579999999999995,1,0.0418,0.223,0.0,0.382,0.537,178.765,spotify:track:4HBZA5flZLE435QTztThqH
Used to This,0.583,0.495,1,-7.681,0,0.0813,0.361,3.35e-06,0.348,0.364,100.04700000000001,spotify:track:3r73OmpBtQAwMgawxOmlg0
Never Be the Same,0.637,0.713,0,-4.333,1,0.0747,0.18100000000000002,0.000637,0.13699999999999998,0.243,129.923,spotify:track:4eWQlBRaTjPPUlzacqEeoQ
Real Friends,0.726,0.304,3,-8.677,1,0.131,0.8390000000000001,0.0,0.0853,0.813,91.97,spotify:track:3iq9nhbI8fcnNamxMft1uv
My Oh My (feat. DaBaby),0.7240000000000001,0.491,8,-6.024,1,0.0296,0.018000000000000002,1.29e-05,0.0887,0.38299999999999995,105.046,spotify:track:3yOlyBJuViE2YSGn3nVE1K
Living Proof,0.735,0.514,7,-5.4639999999999995,1,0.08199999999999999,0.109,0.0,0.359,0.517,77.566,spotify:track:4jFD7byoPdGkEdjHLMduR9
"Million To One - from the Amazon Original Movie ""Cinderella""",0.511,0.466,7,-5.9270000000000005,1,0.0298,0.583,0.0,0.11699999999999999,0.278,150.02200000000002,spotify:track:3lzYrD0WcgGFiAFKkB2shE
This Is Why We Can't Have Nice Things,0.5670000000000001,0.789,5,-5.986000000000001,1,0.115,0.0156,0.0,0.382,0.43799999999999994,163.96,spotify:track:07NxDD1iKCHbAldceD7QLP
Don't Go Yet,0.6659999999999999,0.7959999999999999,10,-6.9670000000000005,0,0.10300000000000001,0.0492,0.0,0.0442,0.61,110.10799999999999,spotify:track:1058fW9H3fZA6QjYCdOBad
I'll Never Love - Extended Version - Radio Edit,0.40299999999999997,0.35600000000000004,7,-6.172999999999999,1,0.0287,0.7120000000000001,2.04e-06,0.109,0.19399999999999998,108.98899999999999,spotify:track:54e5nUP7pHqVfaiCsq9FpW
I Knew You Were Trouble.,0.622,0.469,3,-6.797999999999999,0,0.0363,0.00454,2.25e-06,0.0335,0.679,77.01899999999999,spotify:track:3lKZf71jeNi14udIFPJ29V
How Far I'll Go,0.5710000000000001,0.307,1,-10.958,0,0.0499,0.649,0.0,0.17800000000000002,0.10800000000000001,83.72,spotify:track:1ERshJBUZysordGDZr5B3t
You'll Be In My Heart,0.568,0.748,8,-6.54,1,0.0299,0.0626,2.18e-06,0.0947,0.623,96.59,spotify:track:4Y8vb1uy9IjM2V1hqvrAid
"Colors of the Wind - From ""Pocahontas"" / Soundtrack Version",0.272,0.16399999999999998,1,-17.04,1,0.046,0.929,0.0011,0.109,0.228,81.551,spotify:track:1OYOLWqKmhkFIx2KC9ek1a
Oxytocin,0.757,0.598,11,-7.777,1,0.057999999999999996,0.0904,0.551,0.15,0.18,124.95100000000001,spotify:track:4t2OeILB07eMGTXSUbMPEu
Happier Than Ever,0.332,0.225,0,-8.697000000000001,1,0.0348,0.767,0.00349,0.128,0.297,81.055,spotify:track:4RVwu0g32PAqgUiJoXsdF8
tolerate it,0.316,0.361,9,-10.380999999999998,1,0.0488,0.878,2.6700000000000002e-05,0.0797,0.221,74.952,spotify:track:0PurA4JVJ8YQgSVopY8fn6
Wolves,0.7240000000000001,0.804,11,-4.614,0,0.0448,0.124,0.0,0.204,0.306,124.98700000000001,spotify:track:0tBbt8CrmxbjRP0pueQkyU
Your Power,0.632,0.284,9,-14.025,0,0.0801,0.932,0.00047599999999999997,0.233,0.20800000000000002,129.642,spotify:track:042Sl6Mn83JHyLEqdK7uI0
Lost Cause,0.526,0.33399999999999996,10,-8.491,0,0.251,0.7020000000000001,0.00782,0.0586,0.522,74.96600000000001,spotify:track:4191RXFPa7Ge9XkA4cWlna
Havana (feat. Young Thug),0.765,0.523,2,-4.333,1,0.03,0.184,3.5600000000000005e-05,0.132,0.39399999999999996,104.988,spotify:track:1rfofaqEpACxVEHIZBJe6W
Criminal,0.696,0.7340000000000001,7,-5.294,1,0.0298,0.0485,0.0,0.183,0.711,107.98700000000001,spotify:track:6T689Jvh5KrSXyaPtUWZtQ
Red,0.602,0.8959999999999999,1,-4.2669999999999995,0,0.0437,0.0773,8.87e-05,0.0911,0.6409999999999999,124.978,spotify:track:7gJtmLyPTwKzhGzMBXtuXH
Sweet Dreams,0.7659999999999999,0.8170000000000001,7,-4.253,1,0.035,0.0239,2.49e-06,0.159,0.43,125.03299999999999,spotify:track:4uDhts78RdwIDjEqPrYVKp
Shallow,0.5720000000000001,0.385,7,-6.362,1,0.0308,0.371,0.0,0.231,0.32299999999999995,95.79899999999999,spotify:track:2VxeLyX666F8uXCJ0dZF8B
Rain On Me (with Ariana Grande),0.672,0.855,9,-3.764,1,0.0397,0.021,0.0,0.32299999999999995,0.6459999999999999,123.056,spotify:track:7ju97lgwC2rKQ6wwsf9no9
On The Ground,0.311,0.607,1,-6.577999999999999,1,0.11,0.0174,0.0,0.131,0.28600000000000003,188.7,spotify:track:2xgACMNtJ5YktyvOC83SPO
Someone You Loved,0.501,0.405,1,-5.678999999999999,1,0.0319,0.7509999999999999,0.0,0.105,0.446,109.891,spotify:track:7qEHsqek33rTcFNT9PFqLf
Always Remember Us This Way,0.5529999999999999,0.502,0,-5.972,1,0.0409,0.299,0.0,0.764,0.29600000000000004,129.976,spotify:track:2rbDhOo9Fh61Bbu23T2qCk
Shallow - Radio Edit,0.575,0.33,7,-6.557,1,0.031,0.41600000000000004,0.0,0.0872,0.27699999999999997,95.801,spotify:track:6QfS2wq5sSC1xAJCQsTSlj
All Too Well,0.602,0.609,0,-7.803,1,0.0243,0.0382,0.0002,0.128,0.337,93.06,spotify:track:6GNRkaWUB0Lwc19SdkTgx8
The A Team,0.642,0.289,9,-9.918,1,0.0367,0.669,0.0,0.18,0.40700000000000003,84.99600000000001,spotify:track:1VdZ0vKfR5jneCmWIUAMxK
There's Nothing Holdin' Me Back,0.866,0.813,11,-4.063,0,0.0554,0.38,0.0,0.0779,0.9690000000000001,121.99799999999999,spotify:track:7JJmb5XwzOO8jgpou264Ml
We Were Happy (Taylor’s Version) (From The Vault),0.609,0.373,0,-8.818999999999999,1,0.0263,0.8490000000000001,0.0,0.0779,0.13,106.007,spotify:track:34V9RiEPe8MNdU32qJsJa1
On My Way,0.509,0.6890000000000001,1,-4.928999999999999,0,0.102,0.0209,0.0,0.301,0.297,170.08700000000002,spotify:track:4n7jnSxVLd8QioibtTDBDq
Into the West,0.312,0.031,0,-22.035,1,0.037000000000000005,0.914,8.81e-06,0.0949,0.0399,92.074,spotify:track:0gSEyG7pOFuHM05433EibX
That’s When (feat. Keith Urban) (Taylor’s Version) (From The Vault),0.588,0.608,5,-7.062,1,0.0365,0.225,0.0,0.092,0.508,90.20100000000001,spotify:track:7eResoqEJJAVTkQYSqvO3P
Mr. Perfectly Fine (Taylor’s Version) (From The Vault),0.66,0.8170000000000001,11,-6.269,0,0.0521,0.162,0.0,0.0667,0.7140000000000001,135.942,spotify:track:2CYVETnhM9aytqrazYYwrK
You All Over Me (feat. Maren Morris) (Taylor’s Version) (From The Vault),0.599,0.494,2,-7.61,1,0.0372,0.816,0.0,0.10099999999999999,0.44,142.893,spotify:track:4CHpVfAhuxNJ3ibExe6kxO
Breathe (feat. Colbie Caillat) (Taylor’s Version),0.506,0.626,1,-6.066,1,0.0287,0.156,0.0,0.228,0.321,148.035,spotify:track:7HC7R2D8WjXVcUHJyEGjRs
You Belong With Me (Taylor’s Version),0.632,0.773,6,-4.856,1,0.0346,0.0623,0.0,0.0885,0.474,130.033,spotify:track:1qrpoAMXodY6895hGKoUpA
White Horse (Taylor’s Version),0.423,0.517,0,-7.377000000000001,1,0.0486,0.369,0.0,0.177,0.366,185.262,spotify:track:5YL553x8sHderRBDlm3NM3
Hey Stephen (Taylor’s Version),0.7879999999999999,0.5710000000000001,6,-6.135,1,0.0296,0.106,0.0,0.0934,0.797,115.99,spotify:track:550erGcdD9n6PnwxrvYqZT
Love Story (Taylor’s Version),0.627,0.792,2,-4.311,1,0.031,0.13,3.97e-06,0.0845,0.415,119.054,spotify:track:6YvqWjhGD8mB5QXcbcUKtx
Fifteen (Taylor’s Version),0.5589999999999999,0.6459999999999999,7,-4.61,1,0.0272,0.11599999999999999,0.0,0.32,0.289,95.46600000000001,spotify:track:2nqio0SfWg6gh2eCtfuMa5
Fearless (Taylor’s Version),0.569,0.741,5,-4.963,1,0.0282,0.0122,0.0,0.33299999999999996,0.43,100.118,spotify:track:77sMIMlNaSURUAXq5coCxE
Jump Then Fall (Taylor’s Version),0.5720000000000001,0.69,2,-6.2010000000000005,1,0.0358,0.0474,0.0,0.0897,0.624,160.111,spotify:track:2m3ObD945KvpE5y9A1eUWm
Forever & Always (Taylor’s Version),0.598,0.821,10,-4.433,1,0.0447,0.0231,0.0,0.14300000000000002,0.6729999999999999,128.03,spotify:track:1msEuwSBneBKpVCZQcFTsU
willow,0.392,0.579,7,-9.195,1,0.16399999999999998,0.835,0.00179,0.145,0.5489999999999999,80.961,spotify:track:3Uo7WG0vmLQ07WB4BDwy7D
Don't Wanna Let You Down,0.6509999999999999,0.544,6,-6.837999999999999,1,0.0824,0.327,1.14e-06,0.0717,0.688,155.95,spotify:track:5LWN8bfW9gwf0kBOGZH3Zd
Lost You,0.706,0.59,6,-5.393,1,0.0401,0.27699999999999997,0.0,0.155,0.69,89.99799999999999,spotify:track:57xregURRCrNl7IHUp6Qco
bad guy,0.701,0.425,7,-10.965,1,0.375,0.32799999999999996,0.13,0.1,0.562,135.128,spotify:track:2Fxmhks0bxGSBdJ92vM42m
everything i wanted,0.7040000000000001,0.225,6,-14.454,0,0.0994,0.902,0.657,0.106,0.243,120.006,spotify:track:3ZCTVFBt2Brf31RLEnCkWJ
Lose You To Love Me,0.488,0.34299999999999997,4,-8.985,1,0.0436,0.556,0.0,0.21,0.0978,102.819,spotify:track:4l0Mvzj72xxOpRrp6h8nHi
betty,0.593,0.377,0,-8.761000000000001,1,0.0253,0.6,0.0,0.0976,0.502,95.939,spotify:track:5kI4eCXXzyuIUXjQra0Cxi
A Song for Everything,0.578,0.569,1,-7.8629999999999995,1,0.0357,0.159,0.0,0.105,0.187,100.037,spotify:track:59C9WyONT72bKyaystIzjq
The Feels,0.6940000000000001,0.7879999999999999,6,-5.33,0,0.0631,0.109,0.0,0.0647,0.903,96.98200000000001,spotify:track:4c10Mtlt9dPeKvP61sicAs
Good Woman,0.34600000000000003,0.436,2,-6.933,1,0.0287,0.0942,5.57e-06,0.10400000000000001,0.281,131.718,spotify:track:71K52AGlhXq9wAEl7lE5Yv
Chasing After You (with Maren Morris),0.596,0.679,4,-6.395,1,0.0394,0.723,0.0,0.11599999999999999,0.479,131.912,spotify:track:1ZIKpMTRPqhwAoVXWY3tXI
Bluebird,0.6609999999999999,0.633,7,-5.986000000000001,1,0.0348,0.038,2.75e-06,0.124,0.613,81.984,spotify:track:0kPeZAyIhIfeZNrtfjJGDB
Settling Down,0.643,0.7559999999999999,6,-5.8,0,0.0305,0.0215,0.000268,0.10099999999999999,0.934,90.001,spotify:track:53bZYxVbCYm6w1Gx8U64bz
Don't Start Now,0.7929999999999999,0.7929999999999999,11,-4.521,0,0.083,0.0123,0.0,0.0951,0.679,123.95,spotify:track:3PfIrDoz19wz7qK7tYeu62
Watermelon Sugar,0.5479999999999999,0.816,0,-4.209,1,0.0465,0.122,0.0,0.335,0.557,95.39,spotify:track:6UelLqGlWMcVH1E5c4H7lY
Adore You,0.6759999999999999,0.7709999999999999,8,-3.675,1,0.0483,0.0237,7.000000000000001e-06,0.102,0.569,99.04799999999999,spotify:track:3jjujdWJ72nww5eGnfs2E7
The Bones,0.612,0.57,11,-6.642,0,0.0347,0.278,0.0,0.0963,0.33399999999999996,77.00399999999999,spotify:track:7yFhA2fUsL2oIMWlw5DaHQ
Levitating,0.695,0.884,6,-2.278,0,0.0753,0.0561,0.0,0.213,0.914,103.014,spotify:track:39LLxExYz6ewLAcYrzQQyP
"10,000 Hours (with Justin Bieber)",0.654,0.63,10,-4.644,1,0.0259,0.153,0.0,0.111,0.43,89.991,spotify:track:2wrJq5XKLnmhRXHIAf9xBa
The Bones - with Hozier,0.561,0.597,11,-6.0,0,0.0405,0.28600000000000003,0.0,0.0979,0.355,76.82600000000001,spotify:track:1yTTMcUhL7rtz08Dsgb7Qb
What Do You Mean?,0.845,0.5670000000000001,5,-8.118,0,0.0956,0.59,0.0014199999999999998,0.0811,0.7929999999999999,125.02,spotify:track:4B0JvthVoAAuygILe3n4Bs
No Pressure,0.644,0.595,1,-6.877000000000001,1,0.215,0.121,0.0,0.27899999999999997,0.5539999999999999,148.889,spotify:track:23UV8pJEvRnAZd6ZAXBC0H
Life Is Worth Living,0.5579999999999999,0.29600000000000004,10,-9.18,1,0.0427,0.907,0.0,0.10800000000000001,0.46299999999999997,76.04,spotify:track:4yWCzA44dQyp0SoeM81bUb
Purpose,0.48100000000000004,0.285,0,-10.847999999999999,1,0.0424,0.9,0.0,0.12300000000000001,0.316,130.029,spotify:track:2IjyFRCRn8x1bEquOM3vxg
No Sense,0.643,0.499,2,-6.795,0,0.0308,0.0478,0.0,0.10800000000000001,0.363,133.97799999999998,spotify:track:5L9WFUodzACitS1TiGm7Mi
Get Used To It,0.687,0.705,9,-8.453,0,0.0522,0.0339,0.0,0.16399999999999998,0.449,110.04799999999999,spotify:track:4AMnUGvZUVJgDuY7rOPzUZ
I'll Show You,0.361,0.608,9,-6.757000000000001,0,0.098,0.05,7.96e-05,0.183,0.0789,191.812,spotify:track:0SNIAtRCPVVLoGEPcuHSIc
Monster (Shawn Mendes & Justin Bieber),0.64,0.392,2,-7.246,0,0.0574,0.0593,0.0,0.0839,0.502,145.838,spotify:track:1HbA4N1MiOsPthALesGFR1
Hold On,0.6579999999999999,0.634,1,-5.797000000000001,0,0.0413,0.0106,0.0,0.132,0.29,139.98,spotify:track:4u4NyuceXP7Uzh7XFJKCr1
Our Song,0.6679999999999999,0.672,2,-4.931,1,0.0303,0.111,0.0,0.32899999999999996,0.539,89.01100000000001,spotify:track:1j6gmK6u4WNI33lMZ8dC1s
Dancing With Our Hands Tied,0.624,0.691,0,-6.686,0,0.196,0.0604,1.1e-05,0.138,0.284,160.024,spotify:track:7I7JbDv63ZJJsSi24DyJrz
Can’t Take My Eyes Off You - BBC Live Version,0.377,0.298,7,-8.687000000000001,1,0.0492,0.248,0.0,0.18100000000000002,0.19699999999999998,71.1,spotify:track:1NMV6t8OE4Ax2NkZnfmV1W
Can’t Imagine,0.504,0.158,0,-14.526,1,0.102,0.847,2.42e-06,0.354,0.385,111.83200000000001,spotify:track:6aoE1FqaJCXEk5vdOChJRR
Look Up At The Stars,0.45899999999999996,0.579,2,-4.93,1,0.0315,0.0526,0.0,0.203,0.461,83.98100000000001,spotify:track:3XK7BaY0KkRnu7cpZlOZwI
Always Been You,0.366,0.381,3,-7.1339999999999995,1,0.0406,0.20199999999999999,0.0,0.0828,0.32899999999999996,127.645,spotify:track:1kAbF9Ef1gwga8Wx9GgFJ2
24 Hours,0.489,0.369,5,-8.322000000000001,1,0.0478,0.47100000000000003,0.00713,0.12300000000000001,0.37799999999999995,85.65,spotify:track:19SSYk30oo7wjtvQO0inc3
Wonder,0.442,0.631,1,-5.096,0,0.05,0.136,2.2899999999999998e-05,0.133,0.129,139.774,spotify:track:7rV6w1rff0TA61omGxvcCB
Fake A Smile,0.447,0.5529999999999999,0,-4.817,1,0.0322,0.212,0.0,0.165,0.252,149.877,spotify:track:6rAGFY9D3ah6Lb7fUgbNNH
"Beauty and the Beast - from the Soundtrack ""Beauty and the Beast""",0.46299999999999997,0.4,6,-9.999,0,0.0308,0.643,2.46e-05,0.131,0.121,77.314,spotify:track:7B3UAPLYAbwXVgbHSKEaTw
Lover (Remix) [feat. Shawn Mendes],0.44799999999999995,0.603,7,-7.176,1,0.064,0.433,0.0,0.0862,0.42200000000000004,205.27200000000002,spotify:track:3i9UVldZOE0aD0JnyfAZZ0
I'm Alive,0.691,0.64,8,-5.087,1,0.0384,0.0247,5.24e-06,0.2,0.452,101.991,spotify:track:2FTZeRHQ4gRPViPMpWL9uX
cardigan,0.613,0.581,0,-8.588,0,0.0424,0.537,0.00034500000000000004,0.25,0.551,130.033,spotify:track:4R2kfaDFhslZEMJqAFNpdd
"Alone, Pt. II",0.67,0.6679999999999999,3,-4.306,0,0.0422,0.536,0.0,0.133,0.608,88.03299999999999,spotify:track:0bMbDctzMmTyK2j74j3nF3
Let's Talk About Love,0.555,0.34299999999999997,7,-10.556,0,0.0289,0.46299999999999997,7.13e-05,0.138,0.157,124.87899999999999,spotify:track:1gVX2sJy1oFzylg4Ew3F2X
Darkside,0.43,0.606,4,-5.115,0,0.0431,0.131,0.0,0.17300000000000001,0.12300000000000001,169.988,spotify:track:6SRWhUJcD2YKahCwHavz3X
Delicate,0.75,0.40399999999999997,9,-10.177999999999999,0,0.0682,0.21600000000000003,0.000357,0.0911,0.0499,95.045,spotify:track:6NFyWDv5CjfwuzoCkw47Xf
Safe & Sound - from The Hunger Games Soundtrack,0.47100000000000003,0.3,7,-10.807,1,0.027999999999999997,0.883,1.05e-05,0.0698,0.289,144.319,spotify:track:0z9UVN8VBHJ9HdfYsOuuNf
Faded,0.46799999999999997,0.627,6,-5.085,1,0.0476,0.0281,7.97e-06,0.11,0.159,179.642,spotify:track:698ItKASDavgwZ3WjaWjtz
"I Choose - From The Netflix Original Film ""The Willoughbys""",0.66,0.631,0,-6.4639999999999995,1,0.0764,0.386,0.0,0.16,0.41600000000000004,138.007,spotify:track:13QIjo2iGBgl56mNDjJOet
Perfect,0.599,0.44799999999999995,8,-6.312,1,0.0232,0.163,0.0,0.106,0.168,95.05,spotify:track:0tgVpDi06FyKpA1z0VMD4v
Lily,0.423,0.634,6,-5.877000000000001,0,0.0578,0.196,0.0,0.18899999999999997,0.467,150.97799999999998,spotify:track:0lks2Kt9veMOFEAPN0fsqN
Sing Me to Sleep,0.474,0.622,4,-6.381,0,0.061,0.0129,3.82e-06,0.327,0.158,176.062,spotify:track:1tfVpMI8G6EakZU4rEja4w
The Spectre,0.654,0.711,1,-7.437,0,0.0383,0.0214,0.0019100000000000002,0.0903,0.198,127.95700000000001,spotify:track:2DGa7iaidT5s0qnINlwMjJ
Alone,0.6729999999999999,0.914,10,-3.9619999999999997,1,0.0496,0.22899999999999998,0.000478,0.18600000000000003,0.183,97.021,spotify:track:3LlmKSHR3Rs0Y3KHQLAYDk
Señorita,0.759,0.5479999999999999,9,-6.0489999999999995,0,0.028999999999999998,0.0392,0.0,0.0828,0.7490000000000001,116.96700000000001,spotify:track:6v3KW9xbzN5yKLt9YKDYA2
Perfectly Wrong,0.361,0.311,2,-11.748,0,0.0369,0.872,0.0,0.0987,0.32299999999999995,89.36200000000001,spotify:track:6nat4Z7iRKWVk1qngQqI0Q
Don't Be A Fool,0.473,0.33899999999999997,11,-6.039,0,0.0364,0.596,0.0,0.10300000000000001,0.265,175.264,spotify:track:7msCKNrI0vZw9H4MIgLnAh
Fallin' All In You,0.853,0.47600000000000003,8,-6.696000000000001,1,0.0361,0.405,0.0,0.111,0.7959999999999999,92.038,spotify:track:5EYBryPOgIEPB7r5QIy6eG
Mercy,0.555,0.662,11,-4.952,0,0.0827,0.125,0.0,0.111,0.35600000000000004,148.128,spotify:track:0AS63m1wHv9n4VVRizK6Hc
Where Were You In The Morning?,0.716,0.519,7,-7.472,1,0.0554,0.5539999999999999,0.0,0.0993,0.466,87.963,spotify:track:376Gg7Oxo5C5jUWDWpVXeI
If I Can't Have You,0.6920000000000001,0.809,2,-4.198,1,0.0602,0.524,0.0,0.147,0.8640000000000001,123.911,spotify:track:6LsAAHotRLMOHfCsSfYCsz
Stitches,0.746,0.754,1,-6.684,1,0.0676,0.0152,0.0,0.0486,0.746,149.882,spotify:track:3zkWCteF82vJwv0hRLba76
A Little Too Much,0.451,0.507,11,-6.24,1,0.0316,0.473,0.0,0.10800000000000001,0.564,165.76,spotify:track:1T7AiFL9ruKKwlONN35Vh0
Nervous,0.841,0.623,0,-6.76,1,0.0776,0.0404,0.0,0.126,0.7440000000000001,121.98299999999999,spotify:track:5wxurz8J6YlyQRNnGN8zXS
In My Blood,0.622,0.7120000000000001,5,-7.321000000000001,1,0.066,0.0573,0.0,0.13,0.48700000000000004,140.025,spotify:track:2QZ7WLBE8h2y1Y5Fb8RYbH
Treat You Better,0.455,0.797,10,-4.133,0,0.36,0.132,0.0,0.11,0.757,165.717,spotify:track:1rtDwblY1CJ9i490fMzJnc
right where you left me - bonus track,0.581,0.619,10,-6.524,1,0.0282,0.769,0.000106,0.11699999999999999,0.645,137.915,spotify:track:3zwMVvkBe2qIKDObWgXw4N
Anyone,0.6859999999999999,0.5379999999999999,2,-8.026,1,0.0345,0.18100000000000002,3.13e-06,0.113,0.584,115.884,spotify:track:31qCy5ZaophVA81wtlwLc4
Mistletoe,0.657,0.56,6,-9.049,0,0.0467,0.498,0.0,0.0794,0.8540000000000001,161.993,spotify:track:7xapw9Oy21WpfEcib2ErSA
Shape of You,0.825,0.652,1,-3.1830000000000003,0,0.0802,0.581,0.0,0.0931,0.9309999999999999,95.977,spotify:track:7qiZfU4dY1lWllzX7mPBI3
All By Myself,0.344,0.325,11,-10.005,0,0.0287,0.35,0.0223,0.0686,0.0775,118.515,spotify:track:0gsl92EMIScPGV1AU35nuD
Seduces Me,0.278,0.369,7,-10.364,0,0.0389,0.67,0.00072,0.0865,0.183,176.66299999999998,spotify:track:2AOQu67ykWymbJyompxTJ2
Make You Happy,0.5720000000000001,0.768,5,-6.377999999999999,0,0.057,0.0387,0.0,0.298,0.61,175.827,spotify:track:4YenwP7sh9N4jIb6YP7dEB
Falling Into You,0.371,0.505,2,-9.052,0,0.0314,0.382,0.0,0.115,0.564,193.24599999999998,spotify:track:7KWMxUH7lORLTob6aMpXBU
"Because You Loved Me (Theme from ""Up Close and Personal"")",0.615,0.467,1,-9.883,1,0.0327,0.314,0.0,0.099,0.177,119.919,spotify:track:28UMiBhn383n9S7GL4tsxD
It's All Coming Back to Me Now,0.384,0.43799999999999994,0,-9.149,1,0.0362,0.753,0.0,0.10099999999999999,0.287,87.90299999999999,spotify:track:5EQzuYfTZt7B2LqlvTF49l
Where Is the Love,0.42,0.293,7,-12.177,1,0.0368,0.636,0.0,0.12300000000000001,0.111,152.697,spotify:track:5IDjeYet2H8pc0p7EV2Hkz
Us,0.505,0.358,5,-9.302999999999999,1,0.0281,0.29100000000000004,3.39e-06,0.0935,0.174,132.372,spotify:track:478lu5QbS9PdeK0jmEJzOY
Miles to Go (Before I Sleep),0.595,0.449,10,-8.936,1,0.0336,0.23399999999999999,6.97e-06,0.301,0.431,138.86,spotify:track:3Qq6BnuQjAx9XWY9G699Zj
When I Need You,0.258,0.368,1,-10.353,1,0.0466,0.396,3.76e-06,0.11900000000000001,0.161,76.843,spotify:track:3UechF8u88C4qkP6jkctNS
Love Is On the Way,0.575,0.34700000000000003,7,-10.265,0,0.0367,0.507,0.0,0.135,0.114,112.148,spotify:track:542daUuyOAbVEE9RtI1zgN
Immortality (feat. Bee Gees),0.546,0.315,2,-11.208,1,0.0324,0.601,3.43e-06,0.0795,0.0756,82.95100000000001,spotify:track:0HuNPrWCyZpCx59pu9ON99
A New Day Has Come,0.436,0.33299999999999996,6,-9.869,1,0.0354,0.722,9.61e-06,0.187,0.0609,119.48299999999999,spotify:track:6LefIBy3hzTN6Yd1m81gpC
When the Wrong One Loves You Right,0.653,0.878,9,-3.6060000000000003,1,0.0291,0.142,0.000356,0.0686,0.289,92.97399999999999,spotify:track:4aZiCz1tTjBZzqpT68sMEW
The Greatest Reward,0.49700000000000005,0.43,1,-8.134,1,0.0294,0.596,1.1900000000000001e-05,0.16,0.172,135.97,spotify:track:5xfgiaYKuvqIEESqkoSzs2
Sorry for Love,0.611,0.9079999999999999,6,-4.665,0,0.0468,0.0344,3.02e-05,0.127,0.46799999999999997,125.985,spotify:track:21CY2eITFdWkKFrAZOWRNq
Have You Ever Been In Love,0.46399999999999997,0.43200000000000005,6,-7.024,1,0.0312,0.611,0.0,0.141,0.11,137.482,spotify:track:6EjH7ihkymLIS2Z235vN21
Right In Front of You,0.612,0.602,7,-5.398,1,0.0265,0.259,0.0,0.161,0.381,99.661,spotify:track:2BoLCHXNjxIiMV7ggkrlDQ
champagne problems,0.462,0.24,0,-12.077,1,0.0377,0.92,0.0,0.113,0.32,171.31900000000002,spotify:track:0sY6ZUTh4yoctD8VIXz339
Dear John,0.583,0.46799999999999997,4,-5.377999999999999,1,0.0278,0.183,1.65e-06,0.111,0.126,119.375,spotify:track:3K2es3gElMRJ3qvmPW442g
Hearts Don't Break Around Here,0.604,0.366,7,-7.881,1,0.0267,0.7190000000000001,0.0,0.162,0.18100000000000002,105.177,spotify:track:2dfHh7ECGxfNqZTQno09Vk
Invisible,0.612,0.39399999999999996,7,-5.723,1,0.0243,0.637,0.0,0.147,0.233,96.001,spotify:track:1k3PzDNjg38cWqOvL4M9vq
Tied Together with a Smile,0.479,0.578,2,-4.963,1,0.0294,0.525,0.0,0.0841,0.192,146.165,spotify:track:2zzxwmoOBnXDT0KnJsoIWk
Teardrops On My Guitar - Radio Single Remix,0.621,0.41700000000000004,10,-6.941,1,0.0231,0.28800000000000003,0.0,0.11900000000000001,0.289,99.95299999999999,spotify:track:2TF4UtYreqNbQ6Z9AccldU
Blank Space,0.76,0.703,5,-5.412000000000001,1,0.054000000000000006,0.10300000000000001,0.0,0.0913,0.57,95.99700000000001,spotify:track:1u8c2t2Cy7UBoG4ArRcF5g
Style,0.588,0.7909999999999999,7,-5.595,1,0.0402,0.00245,0.0025800000000000003,0.11800000000000001,0.48700000000000004,94.93299999999999,spotify:track:0ug5NqcwcFR2xrfTkc7k8e
State Of Grace,0.588,0.825,4,-5.882000000000001,1,0.0328,0.000197,0.0013800000000000002,0.0884,0.397,129.968,spotify:track:0b16LTzby1YRVd2nq2Z0fw
"Touch The Sky - From ""Brave""/Soundtrack",0.37200000000000005,0.6409999999999999,2,-7.954,1,0.047,0.13699999999999998,0.0,0.10300000000000001,0.33,119.01299999999999,spotify:track:5yyqx4brn6Bm9U1Rj9ENnz
How Far I'll Go - Alessia Cara Version,0.31,0.54,9,-9.629,1,0.34600000000000003,0.163,0.000129,0.0713,0.14800000000000002,180.99400000000003,spotify:track:1ehPJRt49h6N0LoryqKZXq
Tenerife Sea,0.53,0.34600000000000003,8,-10.497,1,0.0376,0.6970000000000001,1.07e-05,0.105,0.359,121.876,spotify:track:1HbcclMpw0q2WDWpdGCKdS
One,0.46399999999999997,0.321,2,-11.12,1,0.0418,0.877,0.0,0.0789,0.306,93.52799999999999,spotify:track:5TvFfDlVoUWZvfqrhTJzD7
Autumn Leaves - Deluxe Edition,0.555,0.257,10,-12.637,1,0.0299,0.892,1.42e-06,0.124,0.431,89.01299999999999,spotify:track:7iBSkXB0pTvZasOLf0Qxk9
Grade 8,0.74,0.807,0,-9.976,0,0.0363,0.0446,4.02e-05,0.0538,0.7809999999999999,101.042,spotify:track:0obzwoGjXdORtAwYWZ9s53
Drunk,0.733,0.652,7,-9.101,1,0.0696,0.419,2.37e-06,0.521,0.45899999999999996,99.99799999999999,spotify:track:4RnCPWlBsY7oUDdyruod7Y
Lego House,0.5920000000000001,0.637,11,-8.48,1,0.0992,0.562,0.0,0.13,0.565,159.701,spotify:track:5ubHAQtKuFfiG4FXfLP804
Thinking out Loud,0.7809999999999999,0.445,2,-6.061,1,0.0295,0.474,0.0,0.184,0.591,78.998,spotify:track:34gCuhDGsG4bRPIf9bb02f
Photograph,0.614,0.379,4,-10.48,1,0.0476,0.607,0.00046399999999999995,0.0986,0.201,107.98899999999999,spotify:track:1HNkqx9Ahdgi1Ixy2xkKkL
Afterglow,0.6409999999999999,0.324,11,-5.851,1,0.0299,0.698,0.0,0.32799999999999996,0.273,110.184,spotify:track:0E4Y1XIbs8GrAT1YqVy6dq
"Main Titles - The Little Mermaid - From ""The Little Mermaid""/Score",0.0912,0.195,7,-16.486,1,0.0366,0.8109999999999999,0.7859999999999999,0.27,0.158,86.25299999999999,spotify:track:09HBvmj0dUeQYHGbKJefR5
"Kiss the Girl - From ""The Little Mermaid""/ Soundtrack Version",0.667,0.239,0,-15.923,1,0.0481,0.6859999999999999,0.0,0.10400000000000001,0.721,134.857,spotify:track:4HGIPyqDxSf863tPOwXiLJ
"Under the Sea - From ""The Little Mermaid"" / Soundtrack Version",0.511,0.475,10,-14.667,1,0.161,0.708,0.0,0.105,0.8190000000000001,98.95700000000001,spotify:track:6oYkwjI1TKP9D0Y9II1GT7
"Part of Your World - From ""The Little Mermaid"" / Soundtrack Version",0.27399999999999997,0.14400000000000002,5,-14.515999999999998,1,0.0482,0.92,0.000388,0.29,0.302,61.551,spotify:track:7tUSJY4nsDBJTjd1UXKRsT
"Kingdom Dance - From ""Tangled""/Score",0.239,0.614,4,-9.818999999999999,1,0.0773,0.0904,0.40299999999999997,0.129,0.47,155.658,spotify:track:0jkGkwy510cvhy0jYPFme4
How Does A Moment Last Forever,0.281,0.273,1,-9.128,1,0.0325,0.89,0.0,0.287,0.348,79.893,spotify:track:0CJvw1j88DGbvDhqmjJgc8
"Beauty and the Beast - From ""Beauty and the Beast"" / Duet",0.297,0.39,6,-10.687000000000001,0,0.034,0.6629999999999999,2.13e-05,0.155,0.161,153.55100000000002,spotify:track:1lb36bFPzVYUBER5QatHAY
"Something There - From ""Beauty and the Beast""/Soundtrack Version",0.588,0.325,1,-10.925999999999998,1,0.0374,0.836,1.16e-06,0.127,0.569,126.12700000000001,spotify:track:6mDxu0xwhv5tn1oMTNUypu
"Belle Reprise - From ""Beauty and the Beast""/Soundtrack Version",0.429,0.14800000000000002,11,-15.097000000000001,1,0.0751,0.8540000000000001,0.0,0.349,0.345,79.904,spotify:track:34XWBbHC4hsTBDDbIH8g4g
"Belle - From ""Beauty and the Beast""/Soundtrack Version",0.551,0.384,0,-13.554,1,0.106,0.825,0.0,0.145,0.41700000000000004,129.283,spotify:track:0Q4a3PdGEME9w8Jgqa0Gf3
"I See the Light - From ""Tangled"" / Soundtrack Version",0.281,0.139,5,-14.392000000000001,1,0.0305,0.8290000000000001,0.0,0.0725,0.16899999999999998,92.64,spotify:track:6klpXs2uAjagnZMFkt4qkl
A Star Is Born,0.6809999999999999,0.81,7,-6.348,1,0.0684,0.40700000000000003,9.5e-06,0.397,0.667,117.632,spotify:track:6cLZAx9Q9ZIa0oeLPkSLRM
Go The Distance (Reprise),0.365,0.489,0,-7.847,1,0.0344,0.887,0.000177,0.0599,0.48,113.65899999999999,spotify:track:0NvqetjXrzOkZpX2BSG9Qi
Go the Distance,0.27,0.13,9,-17.07,1,0.0341,0.885,0.00091,0.0767,0.19,73.75,spotify:track:2dHoYvtul7SXjOAkd1b5Rh
I Won't Say (I'm In Love),0.6859999999999999,0.467,0,-10.218,1,0.042,0.247,0.0,0.172,0.441,121.075,spotify:track:1HSJMLtNeDryJN76Tu5Ahf
Where Does My Heart Beat Now,0.528,0.62,10,-10.419,1,0.0285,0.648,1.63e-06,0.0801,0.595,74.051,spotify:track:7vsKlQM1SafffVCcd1NzJn
I Surrender,0.591,0.522,8,-6.281000000000001,0,0.0311,0.552,0.0,0.0891,0.149,114.015,spotify:track:67VjdDhTa5jzQxHGe6f26r
Two Worlds Finale,0.615,0.503,5,-9.144,1,0.0453,0.452,0.05,0.0856,0.22399999999999998,115.99,spotify:track:7jZfg0ULZEzw7w0cUD3N2w
Two Worlds Reprise,0.474,0.867,7,-8.972000000000001,1,0.1,0.24100000000000002,0.49200000000000005,0.11800000000000001,0.0879,110.22399999999999,spotify:track:7Iqno05rC9hqCdbLSC6SMm
Strangers Like Me,0.6729999999999999,0.785,3,-7.041,1,0.0407,0.114,0.000904,0.11900000000000001,0.562,119.78,spotify:track:3T74kgnbHw8JqkYGJKD4Tl
Son of Man,0.642,0.853,9,-5.287999999999999,1,0.0338,0.040999999999999995,0.00035,0.361,0.6940000000000001,141.66299999999998,spotify:track:1LhFadk0aWYczltTjIbFlI
Two Worlds,0.6579999999999999,0.6990000000000001,5,-10.219,0,0.0794,0.21100000000000002,0.0105,0.23600000000000002,0.39399999999999996,110.04799999999999,spotify:track:3icOFPIciIN8FQSyVlpYSF
Introduction,0.376,0.307,2,-13.095,1,0.0351,0.9570000000000001,0.9109999999999999,0.131,0.18899999999999997,79.994,spotify:track:3PYgUmM7AzwGG6Qfurk0TP
The Next Right Thing,0.38299999999999995,0.11599999999999999,0,-14.275,0,0.044000000000000004,0.8320000000000001,2.08e-05,0.385,0.142,115.48,spotify:track:4MJycw2LwmR4tTMtchLw7Q
Show Yourself,0.32,0.431,6,-7.046,1,0.0302,0.7170000000000001,5.0900000000000004e-05,0.0606,0.16899999999999998,123.295,spotify:track:5JcHjigKoy1ABWwZhRmIGh
"Let It Go - From ""Frozen""/Soundtrack Version",0.5429999999999999,0.485,8,-6.85,1,0.0305,0.5579999999999999,0.0,0.12,0.371,136.961,spotify:track:0qcr5FMsEO85NAQjrlDRKo
"Love Is an Open Door - From ""Frozen""/Soundtrack Version",0.737,0.637,6,-6.308,0,0.0735,0.262,0.0,0.319,0.537,100.03299999999999,spotify:track:3IPnBzGRMg6BfViFxxa0Gq
Into the Unknown,0.32299999999999995,0.405,10,-8.533,0,0.0413,0.8490000000000001,0.000544,0.138,0.27399999999999997,145.10399999999998,spotify:track:2JJwUreki4qNMcQiwlaojo
"For the First Time in Forever - From ""Frozen""/Soundtrack Version",0.354,0.41100000000000003,0,-6.018,1,0.0344,0.815,1e-06,0.106,0.43,90.831,spotify:track:70b5Sq3ePOu3Gqg0hjlOtR
Some Things Never Change,0.5660000000000001,0.5429999999999999,5,-4.485,1,0.0314,0.613,0.0,0.106,0.299,89.93700000000001,spotify:track:3tifSIPU9W9AzTriW9tkH6
"Do You Want to Build a Snowman? - From ""Frozen""/Soundtrack Version",0.306,0.121,0,-15.550999999999998,0,0.0554,0.85,0.000176,0.257,0.166,174.053,spotify:track:2yi7HZrBOC4bMUSTcs4VK6
All Is Found,0.228,0.204,5,-12.319,1,0.0387,0.9259999999999999,1.1e-05,0.092,0.195,83.37200000000001,spotify:track:1KkVYSqXosoiQmJmto0VAw
Speechless (Full),0.474,0.489,6,-7.625,0,0.0342,0.467,0.0,0.11900000000000001,0.23,124.844,spotify:track:0XPsOSYzDJZJArevQNm2AR
Arabian Nights (2019),0.445,0.532,8,-8.017999999999999,1,0.0405,0.254,0.0,0.109,0.465,128.776,spotify:track:6ZxPYutGhjLTrcmvcshCa4
One Jump Ahead,0.5579999999999999,0.32299999999999995,7,-16.439,1,0.132,0.43700000000000006,0.0,0.7509999999999999,0.659,123.661,spotify:track:1dILRjV0gwHAdZ1hHjW5T3
Arabian Nights,0.475,0.201,9,-15.645,0,0.0441,0.721,0.0,0.21600000000000003,0.48200000000000004,128.813,spotify:track:41yc1aa7GGsGJQSE4deiQz
A Whole New World,0.297,0.225,0,-15.776,1,0.0347,0.846,3.67e-06,0.0992,0.131,126.662,spotify:track:506nvAQgHmkGd13ipZuBwo
Teardrops on My Guitar - Pop Version,0.45899999999999996,0.753,10,-3.827,1,0.0537,0.0402,0.0,0.0863,0.483,199.997,spotify:track:1hxLyjC9D9Jpw6EAPKqWv4
Tim McGraw,0.58,0.491,0,-6.462000000000001,1,0.0251,0.575,0.0,0.121,0.425,76.009,spotify:track:2Fn01AIMyHbha2ceNQeOqw
King Of My Heart,0.675,0.703,0,-7.902,1,0.0382,0.00882,2.21e-06,0.0391,0.314,110.01,spotify:track:7HuBDWi18s4aJM8UFnNheH
Getaway Car,0.562,0.6890000000000001,2,-6.745,1,0.127,0.00465,2.23e-06,0.0888,0.35100000000000003,172.054,spotify:track:0VE4kBnHJUgtMf0dy6DRmW
Haunted,0.434,0.9440000000000001,5,-2.641,1,0.0581,0.0769,0.0,0.151,0.361,162.02,spotify:track:2YjKcFQ1vYFhQPgsmCOjss
Innocent,0.5529999999999999,0.604,1,-5.295,0,0.0258,0.20199999999999999,0.0,0.125,0.18600000000000003,133.989,spotify:track:0mTgFzkDgSAF3nJY25XCXG
Enchanted,0.535,0.618,8,-3.9130000000000003,1,0.0273,0.0716,0.000388,0.16899999999999998,0.228,81.975,spotify:track:04S1pkp1VaIqjg8zZqknR5
Never Grow Up,0.715,0.308,2,-8.829,1,0.0305,0.8290000000000001,0.0,0.16,0.547,124.899,spotify:track:3JilapcaOXzjR9gtvCY8FO
The Story Of Us,0.575,0.855,9,-4.827,1,0.0467,0.000315,0.00161,0.0419,0.84,139.92,spotify:track:3lXekiVK1ZPZbKconsys73
Mean,0.57,0.747,4,-3.978,1,0.0426,0.445,0.0,0.21899999999999997,0.8079999999999999,164.00400000000002,spotify:track:0KztjtD3ytzgYjUKIVfBnW
You Are In Love,0.474,0.48,2,-8.894,1,0.0622,0.7070000000000001,0.00010800000000000001,0.0903,0.319,170.109,spotify:track:2KrOAg6FftbjgSKdd2a4rS
Clean,0.81,0.38,4,-7.755,1,0.035,0.242,0.0,0.113,0.21100000000000002,103.98100000000001,spotify:track:2k43eySbfpDVx0PrO99UI8
This Love,0.485,0.45899999999999996,4,-8.767999999999999,1,0.0337,0.635,0.0,0.10099999999999999,0.0858,71.98100000000001,spotify:track:7lTxQZVXlvIX7Z3szSy8Sh
I Wish You Would,0.649,0.898,0,-5.962999999999999,1,0.0511,0.016,9.9e-05,0.109,0.503,118.027,spotify:track:5RVJ6VKfwtosA5Q1qeHdjF
hoax,0.662,0.18100000000000002,8,-15.065,1,0.0415,0.966,3.86e-06,0.133,0.429,118.819,spotify:track:6MWoRt97mnSTXZhu3ggi9C
mad woman,0.5920000000000001,0.6990000000000001,3,-8.995,1,0.0471,0.655,1.6800000000000002e-05,0.114,0.506,141.916,spotify:track:2QDyYdZyhlP2fp79KZX8Bi
invisible string,0.653,0.452,4,-11.142999999999999,0,0.055,0.838,7.730000000000001e-05,0.10800000000000001,0.45,83.43299999999999,spotify:track:6VsvKPJ4xjVNKpI8VVZ3SV
this is me trying,0.515,0.47600000000000003,9,-9.843,1,0.0328,0.314,4.74e-05,0.171,0.41200000000000003,135.886,spotify:track:7kt9e9LFSpN1zQtYEl19o1
my tears ricochet,0.456,0.263,0,-10.63,1,0.0332,0.8059999999999999,0.0,0.0749,0.111,129.86,spotify:track:1MgV7FIyNxIG7WzMRJV5HC
exile (feat. Bon Iver),0.298,0.38,6,-8.426,1,0.0287,0.778,5.6200000000000004e-05,0.11,0.152,75.602,spotify:track:4pvb0WLRcMtbPGmtejJJ6y
the 1,0.777,0.35700000000000004,0,-6.942,1,0.0522,0.757,7.28e-06,0.10800000000000001,0.172,139.88299999999998,spotify:track:0Jlcvv8IykzHaSmj49uNW8
Cruel Summer,0.552,0.7020000000000001,9,-5.707000000000001,1,0.157,0.11699999999999999,2.0600000000000003e-05,0.105,0.564,169.99400000000003,spotify:track:1BxfuPKGuaTgP7aM0Bbdwr
The Archer,0.292,0.574,0,-9.375,1,0.0401,0.12,0.00569,0.0663,0.166,124.344,spotify:track:3pHkh7d0lzM2AldUtz2x37
Daylight,0.557,0.496,0,-9.602,1,0.0563,0.8079999999999999,0.000173,0.0772,0.265,149.983,spotify:track:1fzAuUVbzlhZ1lJAx9PtY6
ME! (feat. Brendon Urie of Panic! At The Disco),0.61,0.83,0,-4.105,1,0.0571,0.033,0.0,0.11800000000000001,0.728,182.162,spotify:track:2Rk4JlNc2TPmZe2af99d45
You Need To Calm Down,0.7709999999999999,0.6709999999999999,2,-5.617000000000001,1,0.0553,0.009290000000000001,0.0,0.0637,0.7140000000000001,85.02600000000001,spotify:track:6RRNNciQGZEXnqk8SQ9yv5
Death By A Thousand Cuts,0.7120000000000001,0.732,4,-6.754,1,0.0629,0.45399999999999996,0.0,0.319,0.313,94.071,spotify:track:2dgFqt3w9xIQRjhPtwNk3D
I Think He Knows,0.897,0.366,0,-8.029,1,0.0569,0.00889,0.00035299999999999996,0.0715,0.41600000000000004,100.00299999999999,spotify:track:2YWtcWi3a83pdEg3Gif4Pd
Lover,0.359,0.5429999999999999,7,-7.582000000000001,1,0.0919,0.49200000000000005,1.58e-05,0.11800000000000001,0.45299999999999996,68.53399999999999,spotify:track:1dGr1c8CrMLDpV6mPbImSI
Sad Beautiful Tragic,0.624,0.34,7,-12.411,1,0.028999999999999998,0.632,0.0337,0.0805,0.261,129.987,spotify:track:70e9zuv2pJc7ON1OUAJ1zl
Begin Again,0.53,0.526,7,-8.349,1,0.0263,0.19899999999999998,3.52e-06,0.14,0.32299999999999995,79.025,spotify:track:1yG491M3fRfowMdGN5pey4
Come Back...Be Here,0.483,0.5479999999999999,4,-6.291,1,0.0254,0.00471,2.01e-06,0.0997,0.217,79.926,spotify:track:1n8rB9AhxiAvVP1E2c3yOd
Everything Has Changed,0.624,0.45799999999999996,6,-6.755,1,0.0287,0.36,3.89e-06,0.311,0.436,80.016,spotify:track:5PjfMmF06QtxTPZBZHdhoZ
Stay Stay Stay,0.7290000000000001,0.748,0,-6.67,1,0.0245,0.307,1.29e-06,0.0962,0.9279999999999999,99.98100000000001,spotify:track:0F2S1QlnMaOfmNHIgmES3k
The Last Time,0.505,0.44299999999999995,2,-7.039,1,0.0276,0.035,3.15e-06,0.0906,0.12300000000000001,94.069,spotify:track:2Tz4JnXZOcjcp8fWfMjBBk
The Moment I Knew,0.619,0.506,7,-7.327000000000001,1,0.0315,0.187,1.47e-05,0.10099999999999999,0.27399999999999997,126.03,spotify:track:4qTAwKJQ68gmnrnfPD3vlO
We Are Never Ever Getting Back Together,0.628,0.6759999999999999,7,-5.9110000000000005,1,0.0916,0.00957,2.65e-05,0.121,0.75,85.984,spotify:track:6kISMRfweKSvgHR0urMQFG
I Almost Do,0.5670000000000001,0.48100000000000004,4,-7.357,1,0.027000000000000003,0.0173,4.13e-05,0.182,0.233,145.865,spotify:track:1eyqSYBCTane4rl4vc6PWJ
coney island (feat. The National),0.537,0.537,8,-11.265999999999998,1,0.0617,0.8190000000000001,0.000904,0.142,0.292,107.895,spotify:track:3k7ne7VmH43ZPWxPdvPUgR
happiness,0.5589999999999999,0.33399999999999996,11,-10.732999999999999,1,0.0376,0.87,0.0,0.114,0.21100000000000002,122.079,spotify:track:73YUReisjb3A9ActdLLjJQ
The Power of Love,0.546,0.519,8,-9.072000000000001,1,0.0291,0.36,0.00045999999999999996,0.24,0.247,140.054,spotify:track:5kK1Iru9ogP3Iy1zsANU1n
"My Heart Will Go On - Love Theme from ""Titanic""",0.428,0.276,4,-11.729000000000001,1,0.0312,0.732,5.33e-06,0.11699999999999999,0.0382,99.195,spotify:track:33LC84JgLvK2KuW43MfaNq
"Rasik Balamaa Hay Dil Kyon Lagayaa Tose, From ''Chori Chori''",0.391,0.43700000000000006,8,-7.545,1,0.0372,0.961,0.111,0.685,0.418,103.78399999999999,spotify:track:3Y0KlgsBRdRgL3ui2TcCvB
"Wada Na Tod - From ""Dil Tujhko Diya""",0.444,0.7340000000000001,5,-4.415,1,0.113,0.466,0.0035600000000000002,0.426,0.8809999999999999,165.11,spotify:track:73YTvBoUG34tDnztcdd3iF
"Dil Hoom Hoom Kare (From ""Rudaali"") - Female Version",0.544,0.413,6,-7.188,1,0.0258,0.9279999999999999,0.00209,0.128,0.35,99.789,spotify:track:1obzxoRduT5n3fAKsf0Pgi
"Man Kyoon Behka Re Behka Aadhi Raat Ko (From ""Utsav"")",0.58,0.469,10,-7.557,1,0.0577,0.9359999999999999,0.0072900000000000005,0.14300000000000002,0.316,79.696,spotify:track:0hHFroswxwaxNPy9wwk6GL
"Ye Mulaqat Ek Bahana Hai - From ""Khandaan""",0.5,0.674,6,-4.115,0,0.0401,0.667,0.000339,0.21600000000000003,0.687,116.829,spotify:track:2jrAx3ZU9UXe46PepPZuWF
Lag Ja Gale Se Phir,0.312,0.452,8,-11.872,1,0.0391,0.7959999999999999,0.000874,0.28600000000000003,0.391,132.485,spotify:track:5Y5c5bJK0O7KJDDAYKkppH
Chandni Raat Mein,0.368,0.534,6,-8.811,1,0.0355,0.736,0.0,0.239,0.494,107.90100000000001,spotify:track:1ZDbxtijCU6KlrkTMqTfDE
Aaj Phir Jeene Ki Tamanna Hai,0.43200000000000005,0.49700000000000005,9,-10.732000000000001,0,0.0345,0.983,0.907,0.10099999999999999,0.7829999999999999,97.491,spotify:track:5SOz11mekUwr7kQm8dpHqs
Aajkal Paon Zaamin Par Nahin Padte,0.507,0.445,1,-9.112,1,0.0317,0.873,0.00141,0.128,0.691,107.82600000000001,spotify:track:4GQ2SQDXKdBDE8TAQ69jS1
Aaja Piya Tohe Pyar Doon,0.613,0.29,7,-6.897,1,0.0542,0.978,6.34e-05,0.0991,0.583,110.37,spotify:track:2njC2umOngBCOj14iHR8K8
Bhor Bhaye Panghat Pe,0.368,0.381,9,-11.814,0,0.10300000000000001,0.9,3.49e-06,0.0764,0.48100000000000004,198.521,spotify:track:2zIZUisgDGXPD3pvORaMi4
Sawan Ke Jhoole Pade - Sad,0.228,0.309,4,-7.1979999999999995,1,0.0322,0.9640000000000001,0.000182,0.105,0.355,180.12900000000002,spotify:track:1YsRE4fuzVsVKfGvdNCB8F
Teri Bindiya Re,0.539,0.37799999999999995,0,-10.629000000000001,1,0.0284,0.9790000000000001,0.018000000000000002,0.0878,0.6809999999999999,94.29,spotify:track:70KrzTE7kTQ41eGHI3JON1
Tera Mera Pyar Amar - Lata Mangeshkar,0.284,0.369,6,-15.825,1,0.0393,0.951,0.000837,0.19399999999999998,0.711,147.85,spotify:track:0Sm3rEToKnYX3vIjDzrQmn
Zindagi Pyar Ka Geet Hai,0.503,0.601,11,-8.753,0,0.0351,0.537,0.000198,0.149,0.8079999999999999,96.507,spotify:track:5he6mJa7T7DiS8Pjx6djcV
Main Tere Ishq Mein,0.419,0.657,2,-8.559,0,0.063,0.784,0.00168,0.0894,0.607,83.76899999999999,spotify:track:1wHja2c6BNGxMDiNVkO1C5
Mujhe Teri Mohabbat Ka Sahara,0.271,0.465,5,-11.978,0,0.0484,0.858,0.0469,0.18,0.473,80.953,spotify:track:2CDCpj1lFBsf8ruoi8KNWb
Sau Saal Pahle,0.426,0.649,8,-8.368,1,0.0613,0.9179999999999999,0.00193,0.376,0.753,153.94899999999998,spotify:track:2lx6HFF0cVPP4Z4jnbBLN9
Jhilmil Sitaron Ka Angan Hoga,0.354,0.616,7,-11.288,1,0.0888,0.81,0.425,0.657,0.599,143.769,spotify:track:7GUTUoxLRI03fjSNdNTpnv
Loote Koi Man Ka Nagar,0.45899999999999996,0.611,7,-5.07,1,0.0441,0.8690000000000001,0.0,0.28,0.425,133.037,spotify:track:6PrR5HyA5bTZZLWQmYhvoL
Chup Gaye Sare Nazare,0.395,0.547,3,-9.1,0,0.0931,0.956,0.0395,0.11900000000000001,0.588,80.219,spotify:track:6DuEwqeZzkPJlczCKPq1VD
Rahen Na Rahen,0.39,0.45899999999999996,7,-9.937000000000001,1,0.0337,0.976,0.0056700000000000006,0.456,0.636,127.016,spotify:track:5rmxrHEnOf7CRCmCJrBdZt
Tera Saath Hai To - Lata Mangeshkar,0.43200000000000005,0.475,7,-9.47,1,0.0371,0.968,0.0116,0.312,0.664,115.955,spotify:track:7e7KvikCdIigjhIbTScNqs
Nainon Mein Badra Chhaye,0.574,0.442,0,-13.177,1,0.0356,0.968,0.152,0.29600000000000004,0.696,110.79799999999999,spotify:track:6YRgNx6ZouPzJcS5mSOBI5
Beeti Na Bitai Raina,0.365,0.424,4,-11.445,1,0.0437,0.9520000000000001,0.168,0.67,0.601,91.015,spotify:track:26XEm7cqIT1uwPkPY36L23
Rula Ke Gaya,0.47600000000000003,0.255,5,-10.17,1,0.0362,0.96,0.000868,0.106,0.308,99.90100000000001,spotify:track:3JmLCYFRsOjYFcL8WFz2Uh
Ruk Ja Raat,0.39399999999999996,0.304,2,-13.064,1,0.0362,0.9490000000000001,1.1900000000000001e-05,0.368,0.563,102.536,spotify:track:5wKCGoekRSLzEZOckWK542
Ehsan Tera Hoga Mujh Par - Lata Mangeshkar,0.348,0.21,4,-14.732000000000001,1,0.0444,0.986,0.00524,0.10099999999999999,0.401,175.715,spotify:track:5kfrsmxW4UkaQKA1lcnyrJ
Chalo Sajna Jhahan Tak,0.368,0.504,9,-11.743,1,0.0542,0.917,0.00409,0.196,0.534,152.99200000000002,spotify:track:2aDHuYwy5GtEttdFdx6ChT
Tumhin Meri Mandir,0.495,0.40399999999999997,4,-6.404,0,0.0409,0.9890000000000001,0.0355,0.373,0.5329999999999999,123.6,spotify:track:2J86dHEpicClzRxVSN8sDM
Ae Ri Pawan,0.371,0.615,9,-7.837000000000001,1,0.0481,0.831,5.7100000000000006e-05,0.14800000000000002,0.483,88.164,spotify:track:6B5XizQf2ma0vd26l6vHJK
Mausam Hai Ashiqana,0.341,0.614,10,-7.539,1,0.0494,0.53,2.4100000000000003e-05,0.19,0.631,123.51899999999999,spotify:track:5VSjFOxCv36pbWZ7pAU97v
Ab To Hai Tumse Har Khushi Apni,0.27899999999999997,0.42700000000000005,8,-10.274000000000001,1,0.0313,0.948,0.0076,0.0976,0.28800000000000003,105.679,spotify:track:241wE0Nygl6w8UfwKRRjwQ
Karvaten Badalte Rahe,0.255,0.397,10,-12.411,1,0.0352,0.882,5.7999999999999995e-06,0.128,0.595,81.232,spotify:track:7yJVavhTsIrjM1KleXlpHR
Chalte Chalte Yun Hi Koi,0.447,0.42700000000000005,8,-12.527000000000001,1,0.0667,0.904,6.720000000000001e-05,0.33299999999999996,0.575,124.155,spotify:track:2rCtv5d2xyezYUbwRqBDod
Bahon Mein Chale Aao,0.48200000000000004,0.21100000000000002,6,-16.491,1,0.0353,0.8,1.48e-06,0.159,0.612,72.75399999999999,spotify:track:2IWhu2HrHttIUcw0Omn1Gr
Kabhi Kabhi Mere Dil Mein Duet,0.502,0.315,4,-10.437999999999999,1,0.0318,0.9790000000000001,5.6999999999999996e-05,0.626,0.397,110.618,spotify:track:46bHffIYlRKDZJG1Wbv8vi
Mere Naina Sawan Bhadon- Lata Mangeshkar,0.397,0.40700000000000003,7,-7.638,0,0.0297,0.9570000000000001,0.00337,0.124,0.305,133.616,spotify:track:2MAt5PQbVRWHE8WZZ1rLfR
Is Mod Se Jate Hain,0.504,0.353,1,-12.565999999999999,1,0.0342,0.865,0.0,0.268,0.531,89.48700000000001,spotify:track:6l0fKiA4dyGnb5HyeXC8it
Ye Samaa Samaa Hai Pyar Ka,0.425,0.449,5,-8.754,1,0.0655,0.988,0.0684,0.0997,0.395,126.553,spotify:track:07zLH6nppZLg7frRqQ72z0
Aaja Sanam Madhur Chandni Men,0.32,0.439,3,-11.324000000000002,0,0.0422,0.95,0.0426,0.10400000000000001,0.7959999999999999,81.706,spotify:track:5K0YR5W8FNgzjceUwgNlPv
Aaja Re Pardesi,0.451,0.319,7,-13.117,1,0.040999999999999995,0.968,0.64,0.149,0.47700000000000004,91.255,spotify:track:0nNQ0mESS2kCSaW5Li4hip
Ab Ke Sajan Sawan Mein,0.415,0.5710000000000001,0,-6.917999999999999,1,0.0454,0.84,0.00541,0.0619,0.871,99.744,spotify:track:5JJRMBBAMf870VqcrB39gv
Aye-Dil-E-Nadan,0.605,0.344,6,-11.940999999999999,1,0.0326,0.794,2.98e-06,0.083,0.40700000000000003,101.024,spotify:track:0EG3HTklKQCIpM2IlGpOQ1
Agar Tum Na Hote - Female Version,0.618,0.613,11,-5.247999999999999,0,0.037000000000000005,0.7190000000000001,0.00112,0.127,0.7829999999999999,122.60700000000001,spotify:track:6bd3RszjfhMqkVH0zIUFSo
Ajib Dastan Hai Yeh,0.5660000000000001,0.41200000000000003,5,-12.63,1,0.0309,0.875,0.00314,0.204,0.68,102.478,spotify:track:6Rl4eDKFpvntiRKtPn8d5V
Aya Sawan Jhoom Ke,0.446,0.725,1,-5.565,1,0.0748,0.799,0.155,0.433,0.672,91.65799999999999,spotify:track:4Ii5cW2AlVi0d0JnTjNcy3
Baharon Mera Jeevan Bhi Sanwaro,0.35100000000000003,0.284,6,-12.03,1,0.036000000000000004,0.9670000000000001,0.00394,0.14300000000000002,0.561,143.10399999999998,spotify:track:6U9gOM5FxakKVhCF2PtrHl
Bana Ke Kyon Bigada Re,0.385,0.484,0,-8.546,1,0.0321,0.9,9.59e-06,0.568,0.607,85.708,spotify:track:3HTAYqwM363zEPSPwa10ap
Bekhudi Mein Sanam,0.429,0.5660000000000001,4,-7.392,0,0.0635,0.9129999999999999,0.00389,0.0722,0.263,83.626,spotify:track:4CNUwJcKDYePzsAKwLGFBE
Betaab Dil Ki Tamanna Yehi Hai,0.517,0.289,7,-11.493,1,0.0382,0.885,0.0,0.289,0.469,128.06799999999998,spotify:track:0w2ULErs3UppVefsB98TpT
Chand Phir Nikla Magar Tum Na Aaye,0.42100000000000004,0.26899999999999996,1,-10.045,1,0.0292,0.9670000000000001,0.000264,0.17,0.41200000000000003,105.544,spotify:track:174kToGxCBRCsXt6l6DWmp
Chandan Sa Badan Chanchal Chitwan,0.401,0.424,7,-10.1,0,0.0404,0.9420000000000001,0.000874,0.6659999999999999,0.583,175.96900000000002,spotify:track:5ObKxvhcb6RhziBKHubY6G
Dekha Ek Khwab,0.36700000000000005,0.299,4,-14.557,1,0.0597,0.941,0.00402,0.423,0.38299999999999995,147.363,spotify:track:5B29YNjG7dx0GfU19ZBEpo
Dekho Rootha Na Karo,0.40399999999999997,0.38799999999999996,4,-10.082,1,0.0375,0.9890000000000001,0.40299999999999997,0.124,0.7020000000000001,93.791,spotify:track:3TvXVGblUNFZquVw9p4Kxj
Dheere Dheere Chal Chand,0.406,0.521,6,-11.856,1,0.0378,0.9159999999999999,1.09e-05,0.36200000000000004,0.6859999999999999,81.999,spotify:track:2w1xQoej5TcciLKzx3DNzS
Dhire Dhire Machal,0.40299999999999997,0.494,3,-9.077,1,0.0314,0.956,0.00285,0.154,0.6459999999999999,100.35799999999999,spotify:track:70vSg23ZpLROoj7xxzDBk2
Dil Jo Na Keh Saka - Lata Mangeshkar,0.359,0.41,10,-10.432,1,0.0392,0.981,0.0197,0.19899999999999998,0.23199999999999998,126.405,spotify:track:4I658kZhGQMCrRAeU5Cy4F
Dil To Hai Dil,0.391,0.63,5,-7.7,1,0.0341,0.698,1e-06,0.0875,0.67,110.57799999999999,spotify:track:5lIUOSw4sORid01JwghhQ5
Do Nainon Mein Ansoo Bhare Hai,0.349,0.35600000000000004,8,-10.972999999999999,1,0.0351,0.9670000000000001,0.0486,0.166,0.436,130.996,spotify:track:5HuR4tKwaGehsrsNp1dKci
Ek Pyar Ka Naghma Hai,0.268,0.371,2,-10.807,1,0.0318,0.235,0.00067,0.0674,0.255,88.68799999999999,spotify:track:6RELGnjAoxtO1IRYUcEcta
Ek Radha Ek Meera,0.461,0.193,2,-15.513,0,0.065,0.973,0.6509999999999999,0.308,0.49200000000000005,80.32600000000001,spotify:track:3pSjlcV3MkMgzuYWFgiw3g
Gumnaam Hai Koi Badnaam Hai Koi,0.395,0.331,0,-8.086,0,0.0305,0.95,0.00029,0.40299999999999997,0.547,94.804,spotify:track:1KCZN33CNIcnBhtfYZfmt8
Hum The Jinke Sahare,0.38799999999999996,0.327,3,-12.038,1,0.0348,0.966,0.0319,0.13699999999999998,0.331,94.167,spotify:track:1UY1nY8UXeBq0mqFbzOKwU
Jane Kyon Log Mohabbat Kiya,0.38799999999999996,0.456,1,-11.345999999999998,0,0.0484,0.9309999999999999,7.8e-05,0.11,0.396,138.076,spotify:track:052JXN8f26wYYu23k953PM
Jis Path Pe Chala,0.369,0.669,8,-7.315,1,0.0658,0.871,2.45e-05,0.298,0.349,95.68,spotify:track:5T5TzwNAyP8ZK7jWe0eYnj
Kahin Deep Jale Kahin Dil,0.305,0.327,6,-11.444,0,0.0338,0.965,0.568,0.33799999999999997,0.281,102.77600000000001,spotify:track:3jtcSXIONWFoyRXGOlmnR2
Kanchi Re Kanchi Re,0.642,0.37,5,-14.17,1,0.0469,0.866,3.01e-05,0.0876,0.6990000000000001,101.65,spotify:track:0dPz77kgQAIl1f4x1IeyTm
"Kuchh Kehta Hai Ye Savan - From ""Mera Gaon Mera Desh""",0.5579999999999999,0.8240000000000001,1,-3.102,0,0.0363,0.657,0.0,0.0846,0.7809999999999999,138.656,spotify:track:0afLBcNf0G0h2978Uhu8Px
Kuchh Dil Ne Kaha Kuchh Bhi Nahin,0.361,0.327,11,-10.154,0,0.0328,0.929,0.000227,0.12,0.19899999999999998,94.53,spotify:track:5oTvRhWWa7wMkV0Qgw37AF
Lo Aa Gayi Unki Yaad,0.267,0.382,6,-8.48,0,0.0301,0.991,0.0277,0.115,0.226,93.73899999999999,spotify:track:33KoqvOPGAz7VtD6EjGRuE
Rim Jhim Ke Geet,0.45299999999999996,0.298,9,-11.319,0,0.0422,0.983,0.741,0.24100000000000002,0.414,149.578,spotify:track:0j2XAbFKNWzWn9wxgkmICU
Main Na Bhoolunga-1 - Sad,0.319,0.304,6,-13.844000000000001,1,0.0364,0.9009999999999999,0.000817,0.19,0.604,133.276,spotify:track:0waQS0ZmahCfnk1Y64B4oW
Main Na Bhoolunga-2 - Happy,0.38299999999999995,0.45299999999999996,6,-11.081,1,0.0361,0.907,0.0638,0.268,0.73,71.499,spotify:track:0ap9nBaBdP5sW2WO9uqTmG
Man Kyoon Behka Re Behka Aadhi Raat Ko,0.58,0.469,10,-7.557,1,0.0577,0.9359999999999999,0.0072900000000000005,0.14300000000000002,0.316,79.696,spotify:track:3ClX9Fv2i4mzRUhWUxkpod
Mera Naam Hai Chameli,0.308,0.627,5,-10.873,0,0.0612,0.76,0.0254,0.335,0.9179999999999999,175.30200000000002,spotify:track:4bt7Uid34gBTRvBgnQfS9E
Meri Kismat Mein Tu Nahin Shayad,0.366,0.67,7,-6.656000000000001,1,0.037000000000000005,0.6990000000000001,1.7800000000000002e-05,0.276,0.483,116.85600000000001,spotify:track:2PDFRr9NDh7zoOxaIhPZZP
Milti Hai Zindagi Men,0.541,0.607,2,-5.734,1,0.0451,0.9329999999999999,9.05e-06,0.10400000000000001,0.565,129.07299999999998,spotify:track:3xlv70t4g3TnjSKhV6aHUQ
Mujhe Tum Yaad Karna,0.557,0.5720000000000001,6,-11.195,1,0.0458,0.726,0.0,0.0915,0.92,136.497,spotify:track:2yQ2oce2laoH6yMtvK0tPy
Na Jane Kyon Hota Hai,0.502,0.408,8,-11.136,1,0.034,0.9490000000000001,7.87e-06,0.094,0.753,82.75399999999999,spotify:track:7qR7gt9ZaDZQVMTmghDDyq
Naam Goom Jayega,0.324,0.28300000000000003,2,-13.555,1,0.0344,0.953,0.000567,0.25,0.512,90.493,spotify:track:4jBTjqNfB65zLtHrFmYm3S
Neela Aasman So Gaya - Lata Mangeshkar,0.265,0.249,5,-12.075999999999999,1,0.0288,0.86,0.0696,0.0748,0.228,93.079,spotify:track:54AQMneLxShWC0pQs2Hqdf
Pardes Jake Pardesia,0.48100000000000004,0.557,3,-7.456,1,0.138,0.818,0.00299,0.0842,0.637,80.225,spotify:track:6jhjAR2vpF9rJvMtSJTuNr
Pardesiyon Se Na Ankhiyan Milana,0.369,0.523,2,-6.895,0,0.0912,0.975,0.716,0.13,0.419,163.505,spotify:track:2NgpRujzsppANUP69G00Ug
Phool Tumhe Bheja Hai Khat Mein,0.5,0.528,6,-12.592,1,0.0944,0.7559999999999999,9.79e-06,0.174,0.624,92.69200000000001,spotify:track:2RSVIWtscwYFaSiNmQ4rmk
Piya Bina Piya Bina,0.444,0.39899999999999997,8,-7.672999999999999,1,0.0292,0.968,0.00624,0.195,0.521,105.64200000000001,spotify:track:4lG0AJ2dpIWA2YKzkPsndY
Piya Tose Naina Laage Re,0.43799999999999994,0.449,4,-10.066,1,0.0439,0.907,0.127,0.179,0.608,129.037,spotify:track:6yoT89zUSra0wzS1DKFC1w
Ruke Ruke Se Qadam,0.327,0.55,9,-6.3870000000000005,0,0.0323,0.7709999999999999,0.0183,0.35700000000000004,0.511,136.733,spotify:track:2Ze2lYJyANmk5zm1QsmiLs
Sawan Ka Mahina,0.355,0.278,2,-13.565999999999999,1,0.0455,0.96,0.138,0.239,0.722,70.791,spotify:track:4v4wIJBIsNZedLRyFhpuBZ
Solah Baras Ki Bali Umar,0.304,0.6509999999999999,7,-10.418,1,0.0505,0.743,0.000367,0.474,0.6829999999999999,80.771,spotify:track:7sOjOFCqQSF8CBOJa6hM8j
Suno Sajna Papihe Ne Kaha,0.28800000000000003,0.55,4,-9.477,1,0.0716,0.805,0.00216,0.263,0.515,85.869,spotify:track:1OGKq2mU8PrrI4ajkBx32t
Tera Jana,0.278,0.452,5,-14.277000000000001,0,0.044000000000000004,0.851,0.00765,0.182,0.5870000000000001,158.638,spotify:track:4NhDwKN1y5uH7zdb8JHdCS
Tere Bin Soone Nain Humare,0.228,0.36200000000000004,4,-13.177,0,0.0338,0.9640000000000001,0.0307,0.391,0.223,83.196,spotify:track:3fKkpcs1tZHbNRs2cYaXpZ
Tere Bina Zindagi Se,0.37200000000000005,0.419,3,-9.876,1,0.0295,0.93,1.01e-06,0.121,0.456,92.381,spotify:track:57l24qsMzRsvecxRM0tfC6
Tere Mere Milan Ki Yeh Raina,0.3,0.52,7,-5.682,0,0.0325,0.8220000000000001,4.82e-06,0.0452,0.541,85.23299999999999,spotify:track:49KcsdsM3Kap2sV4dtbHQf
Tere Sur Aur Mere Geet,0.5429999999999999,0.341,7,-12.022,0,0.0402,0.894,0.00119,0.145,0.7170000000000001,132.00799999999998,spotify:track:3joaKfXwFde9jOTRSnEDOn
Tere Bina Jiya Jaye Naa,0.45899999999999996,0.376,0,-9.241,1,0.0336,0.725,0.00831,0.19399999999999998,0.593,150.131,spotify:track:5NZrew66KAcDSwNjrPdVx9
Teri Aankhon Ke Siva Duniya Men,0.33,0.419,8,-12.005999999999998,1,0.0355,0.985,0.00265,0.37,0.647,147.063,spotify:track:3zXhNQJXdOakZ8lqA4uQtl
Tujh Sang Preet,0.35,0.461,7,-12.315999999999999,1,0.040999999999999995,0.551,0.0,0.647,0.523,89.863,spotify:track:0JXmavedvYmIJV85tBkgBk
Tujhse Naraz Nahin Zindagi - Lata Mangeshkar,0.611,0.292,9,-12.809000000000001,1,0.0283,0.308,0.00256,0.185,0.65,96.93700000000001,spotify:track:4M6QtwT7kFCMqztO4E96kk
"Maine Poochha Chand Se - From ""Abdullah""",0.455,0.418,1,-8.017999999999999,1,0.0319,0.648,0.0,0.0809,0.284,130.787,spotify:track:0i6U12LOWlHNngec0HCroE
"Pardah Hai Pardah - From ""Amar Akbar Anthony""",0.37,0.8340000000000001,7,-5.471,1,0.183,0.6779999999999999,0.0,0.524,0.5539999999999999,85.79899999999999,spotify:track:1pEHbMOTopNRYWX6XvnhOK
Abhi Na Jao Chhod Kar,0.521,0.42100000000000004,3,-9.856,1,0.0355,0.607,0.187,0.32899999999999996,0.551,96.444,spotify:track:0C47mkZ7VGcnKBvEG7PiAP
Likhe Jo Khat Tujhe,0.375,0.449,11,-13.439,0,0.0337,0.89,0.139,0.326,0.7440000000000001,106.603,spotify:track:0es02Rp0p0WpC4WRBDtM8P
Chura Liya Hai Tumne Jo Dil Ko,0.56,0.318,9,-11.106,0,0.0317,0.857,1.88e-06,0.11,0.684,80.238,spotify:track:2yRBJpAD66GuNRKQ8bKXtY
Ye Dil Tum Bin Lagta Nahin,0.40299999999999997,0.316,7,-12.482000000000001,1,0.0338,0.8140000000000001,0.0,0.0789,0.578,141.778,spotify:track:1vi4SYpDhUVf4R247VpzMv
Kya Hua Tera Vada,0.507,0.583,5,-5.7,1,0.0283,0.21100000000000002,3.79e-06,0.111,0.777,99.287,spotify:track:5XTdgOtJYAOXiw2gHW2KmQ
Teri Galiyon Mein,0.275,0.469,4,-12.689,1,0.0413,0.797,0.00115,0.182,0.434,146.753,spotify:track:5OeQkWNa8d5x5BCwBPwCEb
Chahoonga Main Tujhe,0.327,0.331,8,-12.489,1,0.0489,0.9940000000000001,0.66,0.245,0.256,79.222,spotify:track:0UUEg4ozehOADGnhQ4OOam
Yeh Duniya Yeh Mehfil,0.391,0.591,5,-6.0360000000000005,1,0.0417,0.6729999999999999,1.41e-06,0.0777,0.436,135.894,spotify:track:7nQpLrNWv00oDZD72wGK68
Tum Mujhe Yun Bhula Na Paoge,0.573,0.46399999999999997,8,-10.146,1,0.0332,0.731,0.000133,0.128,0.6990000000000001,105.723,spotify:track:0mtS8143MsPJfSM9fvFUhO
Aaja Tujhko Pukare Mera Pyar,0.34299999999999997,0.34600000000000003,9,-12.508,1,0.0353,0.488,1.84e-06,0.13,0.374,129.309,spotify:track:5YvWKnVfeqo3D2j823UDpP
Ye Jo Chilman Hai,0.396,0.669,11,-7.876,0,0.0644,0.88,0.0755,0.0948,0.5379999999999999,82.696,spotify:track:1IhKvdVIHvb0yzEND6kBhl
Caravan Guzar Gaya,0.316,0.258,6,-16.397000000000002,1,0.0416,0.99,0.43799999999999994,0.39899999999999997,0.623,70.679,spotify:track:2VDkC8sNuu61i4e2xmR3Zw
Ae Phoolon Ki Rani,0.371,0.359,4,-14.450999999999999,1,0.0704,0.873,0.00415,0.36200000000000004,0.657,149.339,spotify:track:6u3ZEin2KdyVsb7uD3R0u7
Ek Tha Gul Aur Ek Thi Bulbul,0.586,0.32799999999999996,7,-12.883,0,0.0384,0.9570000000000001,0.0067599999999999995,0.10400000000000001,0.465,112.12,spotify:track:2Qokth9u14S9AifXUT2vFt
O Haseena Zulfonwale Jane Jahan,0.387,0.649,0,-5.197,1,0.0571,0.6809999999999999,5.57e-06,0.3,0.779,92.682,spotify:track:6kXGGT1zngi3GsxgCbxclU
Mere Mitwa Mere Meet Re,0.44799999999999995,0.41600000000000004,7,-12.886,1,0.0371,0.914,0.0,0.132,0.599,154.94899999999998,spotify:track:0LOes4DuGP4wZPlUhLCW7v
Chandan Sa Badan Chanchal Chitwan - Mukesh,0.5920000000000001,0.349,10,-12.918,1,0.0333,0.9059999999999999,1.8100000000000003e-05,0.0767,0.58,93.867,spotify:track:5DylAjiFdp6zs36HV4N8rU
Maine Tere Liye,0.596,0.66,3,-6.082999999999999,1,0.0309,0.85,0.000424,0.371,0.894,126.197,spotify:track:5VP6rxxsMlotzqe8dK5Vt7
Sab Kuchh Seekha Ham Ne,0.575,0.5429999999999999,9,-11.163,0,0.0387,0.473,1.24e-05,0.44799999999999995,0.753,98.29700000000001,spotify:track:46oHmGxAfR7fM9CCmRue9f
Sajan Re Jhoot Mat Bolo,0.371,0.43,0,-13.702,0,0.0391,0.7659999999999999,4.25e-06,0.28300000000000003,0.946,154.67,spotify:track:1YbyDO9YfIpz24xgF5DXMI
Main Pal Do Pal Ka Shair Hoon,0.565,0.33399999999999996,4,-13.626,1,0.0309,0.85,0.0,0.632,0.64,124.193,spotify:track:2MAQWNhW0jKI0qWnNNO8C9
Kisi Ki Muskurahaton Se,0.39399999999999996,0.303,0,-13.401,0,0.049,0.748,2.02e-05,0.0656,0.8370000000000001,207.34799999999998,spotify:track:3tzNahvEgF6D5BgARz8rzS
Suhana Safar Aur Yeh Mausam,0.491,0.308,7,-13.842,0,0.15,0.639,0.0121,0.139,0.614,150.612,spotify:track:0VkIBnXTf4UGNkiVesjGBK
Kya Khoob Lagti Ho,0.429,0.644,6,-9.102,1,0.0383,0.723,7.170000000000001e-05,0.38299999999999995,0.6579999999999999,132.216,spotify:track:3h5YZTfJ4BBpvLVHS6lGUl
Chand Si Mehbooba Ho Meri,0.496,0.33399999999999996,5,-13.575999999999999,1,0.0473,0.723,0.0,0.306,0.6859999999999999,88.139,spotify:track:3ihRHbHv7rxX9YFd4FFFBb
Kahin Door Jab Din Dhal Jaye,0.521,0.424,5,-7.392,1,0.0347,0.852,1.08e-06,0.301,0.484,91.351,spotify:track:2P7i3LoqblIGiNk1Jmbc30
Ek Din Bik Jayega Mati Ke Mol - Happy,0.401,0.537,1,-11.76,1,0.04,0.7809999999999999,1.12e-06,0.253,0.603,93.432,spotify:track:2kVkpyTGbPkDkFNsb0OMMO
Yeh Mera Diwanapan Hai,0.583,0.397,0,-6.816,1,0.0324,0.927,5.68e-06,0.152,0.535,99.244,spotify:track:6O9tpC8F1dzV1JhkiGQ5iU
Jo Tumko Hopasand Wohi Baat Karenge,0.435,0.541,11,-10.087,0,0.0373,0.9079999999999999,0.000724,0.434,0.555,114.307,spotify:track:1YXe3Y3EF0Vjx8PuheWjxi
Woh Chand Khila Woh Tare Hanse,0.652,0.5670000000000001,4,-8.122,1,0.0568,0.853,1.0199999999999999e-05,0.212,0.8959999999999999,125.675,spotify:track:3ql8mvRXXEUJYLaqtPQkwU
Jane Kahan Gaye Woh Din,0.335,0.325,5,-8.615,0,0.0353,0.621,0.0014199999999999998,0.136,0.26899999999999996,140.953,spotify:track:0i5nhVTeTZEKAeINa7Bwkf
Aa Ja Re Ab Mera Dil Pukare,0.583,0.37,0,-5.795,0,0.0272,0.9009999999999999,2.97e-06,0.10300000000000001,0.505,100.986,spotify:track:69LYmV0nkTbLEdIGHlFRXe
Fearless,0.598,0.7140000000000001,5,-4.397,1,0.0273,0.0364,1.04e-06,0.31,0.467,99.979,
Love Story,0.618,0.736,2,-3.937,1,0.0308,0.157,0.0,0.073,0.307,118.98200000000001,
You Belong With Me,0.687,0.7709999999999999,6,-4.4239999999999995,1,0.0384,0.16399999999999998,2.46e-05,0.11199999999999999,0.445,129.964,
